CREATE DATABASE  IF NOT EXISTS `houses` /*!40100 DEFAULT CHARACTER SET utf8 */;
USE `houses`;
-- MySQL dump 10.13  Distrib 8.0.17, for Win64 (x86_64)
--
-- Host: localhost    Database: houses
-- ------------------------------------------------------
-- Server version	5.7.14-log

/*!40101 SET @OLD_CHARACTER_SET_CLIENT=@@CHARACTER_SET_CLIENT */;
/*!40101 SET @OLD_CHARACTER_SET_RESULTS=@@CHARACTER_SET_RESULTS */;
/*!40101 SET @OLD_COLLATION_CONNECTION=@@COLLATION_CONNECTION */;
/*!50503 SET NAMES utf8 */;
/*!40103 SET @OLD_TIME_ZONE=@@TIME_ZONE */;
/*!40103 SET TIME_ZONE='+00:00' */;
/*!40014 SET @OLD_UNIQUE_CHECKS=@@UNIQUE_CHECKS, UNIQUE_CHECKS=0 */;
/*!40014 SET @OLD_FOREIGN_KEY_CHECKS=@@FOREIGN_KEY_CHECKS, FOREIGN_KEY_CHECKS=0 */;
/*!40101 SET @OLD_SQL_MODE=@@SQL_MODE, SQL_MODE='NO_AUTO_VALUE_ON_ZERO' */;
/*!40111 SET @OLD_SQL_NOTES=@@SQL_NOTES, SQL_NOTES=0 */;

--
-- Table structure for table `exterior_quality`
--

DROP TABLE IF EXISTS `exterior_quality`;
/*!40101 SET @saved_cs_client     = @@character_set_client */;
/*!50503 SET character_set_client = utf8mb4 */;
CREATE TABLE `exterior_quality` (
  `id` int(11) NOT NULL,
  `quality` varchar(255) DEFAULT NULL,
  PRIMARY KEY (`id`)
) ENGINE=InnoDB DEFAULT CHARSET=utf8;
/*!40101 SET character_set_client = @saved_cs_client */;

--
-- Dumping data for table `exterior_quality`
--

LOCK TABLES `exterior_quality` WRITE;
/*!40000 ALTER TABLE `exterior_quality` DISABLE KEYS */;
INSERT INTO `exterior_quality` VALUES (1,'Poor'),(2,'Fair'),(3,'Average/Typical'),(4,'Good'),(5,'Excellent');
/*!40000 ALTER TABLE `exterior_quality` ENABLE KEYS */;
UNLOCK TABLES;

--
-- Table structure for table `houses`
--

DROP TABLE IF EXISTS `houses`;
/*!40101 SET @saved_cs_client     = @@character_set_client */;
/*!50503 SET character_set_client = utf8mb4 */;
CREATE TABLE `houses` (
  `id` double DEFAULT NULL,
  `neighborhood` double DEFAULT NULL,
  `exteriorQual` double DEFAULT NULL,
  `kitchQual` double DEFAULT NULL,
  `overallQual` double DEFAULT NULL,
  `totalbsmtsf` double DEFAULT NULL,
  `grlivingarea` double DEFAULT NULL,
  `totalrooms` double DEFAULT NULL,
  `totalcars` double DEFAULT NULL,
  `garagearea` double DEFAULT NULL,
  `yearsSinceRemod` double DEFAULT NULL,
  `fullBath` double DEFAULT NULL,
  `bsmtFullBath` double DEFAULT NULL,
  `halfBath` double DEFAULT NULL
) ENGINE=InnoDB DEFAULT CHARSET=utf8;
/*!40101 SET character_set_client = @saved_cs_client */;

--
-- Dumping data for table `houses`
--

LOCK TABLES `houses` WRITE;
/*!40000 ALTER TABLE `houses` DISABLE KEYS */;
INSERT INTO `houses` VALUES (1,6,4,4,7,856,1710,8,2,548,5,2,1,1),(2,25,3,3,6,1262,1262,6,2,460,31,2,0,0),(3,6,4,4,7,920,1786,6,2,608,6,2,1,1),(4,7,3,4,7,756,1717,7,3,642,36,1,1,0),(5,14,4,4,8,1145,2198,9,3,836,8,2,1,1),(6,12,3,3,5,796,1362,5,2,480,14,1,1,1),(7,22,4,4,8,1686,1694,7,2,636,2,2,1,0),(8,17,3,3,7,1107,2090,7,2,484,36,2,1,1),(9,18,3,3,7,952,1774,8,2,468,58,2,0,0),(10,4,3,3,5,991,1077,5,1,205,58,1,1,0),(11,20,3,3,5,1040,1040,5,1,384,43,1,1,0),(12,16,5,5,9,1175,2324,11,3,736,0,3,1,0),(13,20,3,3,5,912,912,4,1,352,46,1,1,0),(14,6,4,4,7,1494,1494,7,3,840,0,2,0,0),(15,13,3,3,6,1253,1253,5,1,352,48,1,1,1),(16,4,3,3,7,832,854,5,2,576,6,1,0,0),(17,13,3,3,6,1004,1004,5,2,480,40,1,1,0),(18,20,3,3,4,0,1296,6,2,516,39,2,0,0),(19,21,3,4,5,1114,1114,6,2,576,4,1,1,1),(20,13,3,3,5,1029,1339,6,1,294,44,1,0,0),(21,16,4,4,8,1158,2376,9,3,853,0,3,0,1),(22,10,3,4,7,637,1108,6,1,280,57,1,0,0),(23,6,4,4,8,1777,1795,7,2,534,6,2,0,0),(24,11,3,3,5,1040,1060,6,2,572,31,1,1,0),(25,20,3,4,5,1060,1060,6,1,270,9,1,1,0),(26,16,4,4,8,1566,1600,7,3,890,2,2,0,0),(27,13,3,4,5,900,900,5,2,576,10,1,0,0),(28,16,4,4,8,1704,1704,7,3,772,2,2,1,0),(29,13,3,3,5,1484,1600,6,1,319,9,1,1,0),(30,4,3,2,4,520,520,4,1,240,58,1,0,0),(31,10,3,3,4,649,1317,6,1,250,58,1,0,0),(32,20,3,4,5,1228,1228,6,1,271,2,1,0,1),(33,6,4,4,8,1234,1234,7,2,484,1,2,0,0),(34,13,3,4,5,1398,1700,6,2,447,51,1,0,1),(35,16,5,5,9,1561,1561,6,2,556,2,2,1,0),(36,16,4,4,8,1117,2452,9,3,691,1,3,0,1),(37,6,3,3,5,1097,1097,6,2,672,14,1,0,1),(38,13,3,3,5,1297,1297,5,2,498,19,1,0,0),(39,13,3,4,5,1057,1057,5,1,246,3,1,1,0),(40,8,3,2,4,0,1152,6,0,0,53,2,0,0),(41,13,3,3,6,1088,1324,6,2,440,41,2,0,0),(42,24,3,3,5,1350,1328,5,1,308,48,1,0,1),(43,21,3,4,5,840,884,5,2,504,24,1,1,0),(44,6,3,3,5,938,938,5,1,308,28,1,1,0),(45,13,3,3,5,1150,1150,6,1,300,47,1,1,0),(46,16,5,5,9,1752,1752,6,2,576,5,2,1,0),(47,12,4,4,7,1434,2149,6,2,670,6,1,1,1),(48,22,4,4,8,1656,1656,7,3,826,1,2,0,0),(49,18,3,3,4,736,1452,8,0,0,1,2,0,0),(50,20,3,3,5,955,955,6,1,386,41,1,1,0),(51,9,3,3,6,794,1470,6,2,388,10,2,0,0),(52,4,3,3,6,816,1176,6,2,528,56,1,0,0),(53,10,2,3,5,816,816,5,2,516,47,1,1,0),(54,25,4,4,9,1842,1842,5,3,894,19,0,2,1),(55,13,3,3,5,384,1360,6,2,572,52,1,0,0),(56,13,3,3,6,1425,1425,7,2,576,44,2,0,0),(57,22,4,4,8,970,1739,7,2,480,9,2,1,1),(58,6,4,4,7,860,1720,7,2,565,2,2,0,1),(59,23,5,4,10,1410,2945,10,3,641,0,3,0,1),(60,6,3,3,5,780,780,4,1,352,36,1,0,0),(61,21,3,4,6,1158,1158,5,2,576,2,1,1,1),(62,10,3,2,5,530,1111,6,1,288,11,1,0,0),(63,16,4,4,8,1370,1370,6,2,484,1,2,0,0),(64,18,3,3,7,576,1710,9,2,480,60,2,0,0),(65,6,3,4,7,1057,2034,8,2,645,11,2,1,1),(66,16,4,4,8,1143,2473,9,3,852,2,2,0,1),(67,13,3,3,7,1947,2207,7,2,576,21,2,1,0),(68,6,4,4,7,1453,1479,7,2,558,4,2,1,0),(69,18,3,3,4,747,747,4,1,220,60,1,0,0),(70,5,4,3,7,1304,2287,7,2,667,53,2,0,0),(71,13,3,3,7,2223,2223,8,2,516,34,2,1,0),(72,12,3,3,4,845,845,4,2,360,1,1,1,0),(73,9,3,3,7,832,1718,7,2,427,11,2,0,1),(74,13,3,3,5,1086,1086,6,2,490,7,1,1,0),(75,18,4,3,3,840,1605,8,1,379,60,2,0,0),(76,11,3,3,4,462,988,5,1,297,36,1,1,0),(77,13,3,3,4,952,952,4,1,283,52,1,0,0),(78,4,3,3,5,672,1285,6,1,240,7,1,1,0),(79,20,3,3,4,1768,1768,8,0,0,42,2,0,0),(80,18,3,3,5,440,1230,5,2,440,28,1,0,1),(81,13,3,4,6,896,2142,8,1,509,41,2,0,1),(82,12,3,3,6,1237,1337,5,2,405,8,2,1,0),(83,22,3,4,8,1563,1563,6,3,758,1,2,0,0),(84,13,3,3,5,1065,1065,6,2,461,47,1,0,1),(85,9,3,3,7,384,1474,7,2,400,13,2,0,1),(86,14,4,4,8,1288,2417,9,2,462,14,2,0,1),(87,9,4,4,6,684,1560,6,2,400,4,2,0,1),(88,22,4,4,6,612,1224,4,2,528,0,2,0,1),(89,10,2,2,3,1013,1526,6,0,0,27,1,0,0),(90,6,3,3,4,990,990,5,0,0,12,1,1,0),(91,13,3,3,4,0,1040,4,2,420,56,1,0,0),(92,13,3,3,5,1235,1235,6,2,480,45,1,0,0),(93,7,3,3,5,876,964,5,2,432,3,1,1,0),(94,18,3,3,6,1214,2291,9,2,506,9,2,0,0),(95,6,3,4,6,824,1786,7,2,684,10,2,1,1),(96,9,5,3,6,680,1470,6,2,420,16,2,0,1),(97,6,4,4,7,1588,1588,6,2,472,7,2,0,0),(98,8,3,3,4,960,960,6,1,432,42,1,1,0),(99,8,3,3,5,458,835,5,1,366,60,1,0,0),(100,13,3,3,4,950,1225,6,0,0,51,1,1,1),(101,17,3,4,6,1610,1610,6,2,480,9,2,1,0),(102,21,4,4,6,741,1732,7,2,476,25,2,0,1),(103,21,3,3,5,0,1535,8,2,410,30,2,0,0),(104,6,3,4,7,1226,1226,6,3,740,1,2,0,0),(105,10,3,3,7,1040,1818,7,1,240,57,1,0,1),(106,22,4,4,8,1053,1992,9,2,648,4,2,0,1),(107,18,3,3,4,641,1047,6,1,273,12,1,0,0),(108,18,3,3,5,789,789,5,1,250,58,1,0,0),(109,10,3,2,5,793,1517,7,0,0,2,2,0,0),(110,17,3,3,6,1844,1844,7,2,546,33,2,0,0),(111,8,3,3,6,994,1855,7,1,325,34,2,0,0),(112,9,3,3,7,384,1430,7,2,400,10,2,0,1),(113,6,4,5,7,1264,2696,10,3,792,0,2,1,1),(114,7,3,4,6,1809,2259,7,2,450,54,2,1,0),(115,7,3,4,6,1028,2320,9,1,180,5,2,1,1),(116,22,3,3,6,729,1458,5,2,440,8,2,0,1),(117,20,3,3,5,1092,1092,6,1,288,47,1,0,0),(118,8,3,3,5,1125,1125,5,2,430,0,1,0,1),(119,21,3,4,7,1673,3222,11,3,594,20,3,1,0),(120,6,4,4,6,728,1456,8,2,390,0,2,0,1),(121,5,3,3,6,938,988,4,2,540,37,1,1,0),(122,10,3,3,4,732,1123,4,1,264,57,1,0,0),(123,13,3,3,6,1080,1080,5,1,288,50,1,0,0),(124,21,4,4,6,1199,1199,5,2,530,15,2,0,0),(125,17,3,3,6,1362,1586,7,2,435,11,2,0,0),(126,10,3,3,6,520,754,5,0,0,24,1,1,0),(127,15,3,3,6,1078,958,5,2,440,31,2,0,0),(128,18,3,3,5,672,840,5,0,0,57,1,0,0),(129,13,3,3,6,660,1348,6,2,453,40,1,0,1),(130,13,3,5,5,1008,1053,6,2,750,15,1,0,1),(131,13,3,4,7,924,2157,8,2,487,40,2,0,1),(132,9,4,4,6,992,2054,7,2,390,9,2,1,1),(133,13,3,4,5,1063,1327,7,2,624,5,1,1,0),(134,24,4,4,8,1267,1296,6,2,471,7,2,1,0),(135,20,3,3,5,1461,1721,7,2,440,13,2,0,1),(136,17,3,3,7,1304,1682,7,2,530,38,2,0,0),(137,13,3,3,5,1214,1214,5,1,318,40,2,0,0),(138,12,3,3,7,1907,1959,9,3,766,17,3,0,0),(139,6,4,4,8,1004,1852,7,3,660,8,2,0,1),(140,6,3,4,6,928,1764,7,2,470,12,2,1,1),(141,13,3,3,4,864,864,5,0,0,39,1,0,0),(142,6,4,4,7,1734,1734,7,2,660,1,2,1,0),(143,13,3,3,5,910,1385,6,2,720,58,2,0,0),(144,6,4,4,7,1490,1501,6,2,577,10,2,1,0),(145,20,3,3,5,1728,1728,10,2,504,43,2,1,0),(146,8,4,4,6,970,1709,7,2,380,0,2,0,0),(147,4,3,3,5,715,875,5,1,180,16,1,1,0),(148,9,4,4,7,884,2035,8,2,434,9,2,0,1),(149,21,3,4,7,1080,1080,6,0,0,3,1,1,0),(150,4,3,3,5,896,1344,7,1,240,56,1,0,0),(151,6,3,3,5,969,969,5,2,440,32,1,0,1),(152,16,4,4,8,1710,1710,6,3,866,0,2,1,0),(153,17,3,3,6,825,1993,8,2,495,35,2,0,1),(154,5,3,3,6,1602,1252,4,2,564,33,1,1,0),(155,18,3,3,6,1200,1200,7,1,312,56,1,0,0),(156,8,3,3,6,572,1096,5,0,0,58,1,0,0),(157,13,3,3,5,0,1040,5,2,625,56,1,0,0),(158,24,4,5,8,774,1968,8,3,680,0,2,0,1),(159,22,4,4,7,991,1947,8,2,678,5,2,0,1),(160,9,4,4,7,1392,2462,9,2,576,0,2,1,1),(161,25,3,3,6,1232,1232,6,2,516,24,2,0,0),(162,16,4,5,9,1572,2668,10,3,726,4,2,1,1),(163,16,4,4,7,1541,1541,7,2,532,5,2,0,0),(164,18,3,3,4,882,882,4,0,0,51,1,0,0),(165,18,3,4,6,1149,1616,5,1,216,3,2,0,0),(166,8,3,3,5,644,1355,6,0,0,9,2,1,0),(167,5,4,3,5,1617,1867,7,1,303,16,1,1,0),(168,16,4,5,8,1582,2161,8,3,789,0,1,1,1),(169,9,4,4,7,840,1720,7,2,440,3,2,0,1),(170,24,4,3,8,1686,1707,6,2,511,25,2,0,1),(171,18,3,3,5,720,1382,7,2,660,57,1,0,1),(172,13,3,3,6,1080,1656,7,2,528,50,1,1,0),(173,23,4,4,7,1064,1767,5,2,504,19,2,1,0),(174,13,3,3,6,1362,1362,6,2,504,47,1,1,1),(175,24,3,3,6,1606,1651,7,2,616,22,2,1,0),(176,8,3,4,6,1202,2158,7,2,576,6,2,1,0),(177,5,4,3,6,1151,2060,8,2,521,18,2,0,1),(178,20,4,4,5,1052,1920,8,2,451,48,2,1,0),(179,23,5,5,9,2216,2234,9,3,1166,0,2,1,0),(180,18,4,3,5,968,968,5,2,480,1,1,0,0),(181,22,4,4,6,756,1525,5,2,440,7,2,0,1),(182,7,3,3,7,793,1802,9,1,216,56,1,0,1),(183,8,3,3,5,0,1340,7,1,252,1,1,0,0),(184,18,3,4,7,1362,2082,6,2,484,5,2,0,1),(185,4,3,3,5,504,1252,5,2,576,15,1,0,0),(186,18,4,5,10,1107,3608,12,3,840,13,2,0,1),(187,12,3,4,7,1188,1217,6,2,497,18,2,1,0),(188,18,3,3,5,660,1656,8,1,180,22,2,0,1),(189,21,3,3,5,1086,1224,6,2,528,30,0,2,2),(190,23,4,5,8,1593,1593,5,2,682,6,1,1,1),(191,7,4,4,8,853,2727,10,2,440,13,2,0,1),(192,13,3,4,7,725,1479,7,2,484,3,1,1,1),(193,6,4,4,7,1431,1431,6,2,666,10,2,1,0),(194,8,4,4,7,970,1709,7,2,380,2,2,0,0),(195,6,3,3,5,864,864,5,1,352,36,1,0,0),(196,15,3,3,6,855,1456,7,2,440,33,2,0,1),(197,22,5,5,7,1726,1726,8,3,786,0,2,1,0),(198,13,4,4,8,1360,3112,8,2,795,16,2,1,0),(199,18,3,3,6,755,2229,8,0,0,59,1,0,0),(200,16,4,5,8,1713,1713,7,3,856,4,2,1,0),(201,8,3,3,4,1121,1121,5,2,440,6,2,0,0),(202,12,3,3,6,1196,1279,6,2,473,31,2,0,0),(203,18,3,3,6,617,1310,6,1,398,56,2,0,0),(204,6,4,4,6,848,848,3,2,420,4,1,1,0),(205,18,3,3,5,720,1284,5,1,240,59,1,0,1),(206,9,3,3,7,1424,1442,5,2,500,19,2,0,0),(207,20,3,3,5,1140,1696,8,1,349,45,1,0,1),(208,13,3,3,4,1100,1100,6,1,312,48,1,1,0),(209,21,4,3,7,1157,2062,7,2,454,18,2,1,1),(210,13,3,3,6,1092,1092,6,2,504,44,1,1,0),(211,8,3,3,5,864,864,5,0,0,58,1,1,0),(212,8,3,4,6,1212,1212,6,2,460,1,2,0,0),(213,22,3,4,7,900,1852,7,2,644,0,2,1,1),(214,6,3,3,5,990,990,5,2,576,11,1,0,0),(215,6,3,3,6,689,1392,6,1,299,33,1,0,1),(216,13,3,4,5,1070,1236,6,1,447,10,1,0,0),(217,6,4,4,7,1436,1436,8,2,484,4,2,1,0),(218,18,3,3,4,686,1328,8,1,210,56,1,0,0),(219,7,4,4,7,798,1954,8,2,431,2,1,0,1),(220,1,4,4,7,1248,1248,5,2,438,0,2,0,0),(221,6,4,4,7,1498,1498,5,2,675,0,2,0,0),(222,9,4,4,6,1010,2267,8,2,390,7,2,0,1),(223,17,3,3,6,713,1552,6,2,434,31,2,1,1),(224,13,3,3,4,864,864,4,2,576,38,1,0,0),(225,16,5,5,10,2392,2392,8,3,968,6,2,0,0),(226,3,3,3,5,630,1302,6,1,280,38,2,0,1),(227,14,4,4,7,1203,2520,9,3,721,12,2,0,1),(228,3,3,3,6,483,987,5,1,280,38,1,0,1),(229,20,3,3,5,912,912,5,1,336,43,1,0,0),(230,1,4,4,7,1373,1555,7,2,430,3,2,0,0),(231,13,3,3,6,1194,1194,6,1,312,51,1,1,0),(232,14,4,5,8,1462,2794,9,3,810,13,2,1,1),(233,3,3,3,6,483,987,5,1,288,34,1,0,1),(234,6,3,3,5,894,894,5,1,308,34,1,1,0),(235,9,4,4,6,860,1960,8,2,440,8,2,1,1),(236,3,3,3,6,483,987,5,1,264,37,1,0,1),(237,6,4,4,7,1414,1414,6,2,494,6,2,0,0),(238,21,4,4,7,996,1744,7,2,457,7,2,0,1),(239,16,5,4,8,1694,1694,7,3,818,0,2,0,0),(240,8,3,3,6,735,1487,7,1,220,60,1,0,1),(241,22,4,4,8,1566,1566,7,2,750,2,2,1,0),(242,18,3,4,5,686,866,4,0,0,10,1,0,0),(243,18,3,3,5,540,1440,6,1,352,56,1,0,0),(244,21,3,3,6,626,1217,6,1,288,29,1,0,1),(245,21,4,4,7,948,2110,8,2,463,8,2,1,1),(246,17,3,3,7,1845,1872,6,2,604,18,2,0,0),(247,18,3,2,6,1020,1928,9,1,440,56,2,0,0),(248,13,3,3,6,1367,1375,5,2,451,52,1,0,0),(249,6,4,4,7,840,1668,8,2,500,4,2,0,1),(250,5,4,4,6,1444,2144,7,2,389,1,2,0,0),(251,4,3,2,3,728,1306,6,0,0,44,1,0,0),(252,7,4,4,8,1573,1625,5,2,538,0,2,1,0),(253,21,4,4,6,798,1640,6,2,520,4,2,0,1),(254,13,3,4,6,1302,1302,7,1,309,16,2,0,0),(255,13,3,3,5,1314,1314,5,1,294,53,1,1,0),(256,9,4,4,7,975,2291,8,2,429,7,2,0,1),(257,22,4,4,6,864,1728,7,2,673,5,2,0,1),(258,6,4,4,7,1604,1604,8,2,660,3,2,1,1),(259,6,4,4,7,963,1792,7,2,564,7,2,0,1),(260,18,3,3,5,0,882,4,1,308,52,1,0,0),(261,13,3,3,6,1362,1382,6,2,884,47,1,1,0),(262,6,4,5,8,1482,2574,10,3,868,0,2,0,1),(263,20,3,3,6,506,1212,6,2,492,11,1,1,0),(264,18,3,3,5,926,1316,6,2,484,9,1,1,0),(265,18,3,3,5,680,764,4,2,504,4,1,0,0),(266,17,3,4,6,1422,1422,7,2,576,27,2,0,0),(267,9,3,3,6,802,1511,8,2,413,9,2,1,1),(268,19,3,4,5,720,2192,8,1,240,11,2,0,1),(269,10,3,3,5,740,778,4,1,924,53,1,0,0),(270,8,3,3,6,1143,1113,6,1,504,31,1,1,1),(271,22,4,4,8,1095,1939,8,3,1053,0,2,0,1),(272,5,3,3,7,1385,1363,5,2,439,3,1,1,0),(273,14,4,4,8,1152,2270,9,3,671,3,2,0,1),(274,13,3,3,6,1240,1632,6,1,338,21,2,1,0),(275,12,3,3,5,816,816,5,1,264,25,1,0,0),(276,4,4,5,7,952,1548,5,2,672,2,2,0,1),(277,12,4,4,7,1560,1560,7,2,573,7,2,0,0),(278,9,3,3,4,864,864,4,2,400,59,1,0,0),(279,16,5,5,9,2121,2121,8,3,732,0,2,0,1),(280,5,3,3,7,1160,2022,8,2,505,31,2,0,1),(281,21,4,4,7,807,1982,7,2,575,18,2,0,1),(282,22,4,4,6,1262,1262,5,2,572,0,2,0,0),(283,16,4,4,7,1314,1314,6,2,626,1,2,1,0),(284,22,4,4,8,1468,1468,6,3,898,0,2,0,0),(285,21,4,4,6,1575,1575,5,2,529,15,2,1,0),(286,22,4,4,7,625,1250,5,2,528,0,2,0,1),(287,13,3,4,6,912,1734,7,2,440,25,1,0,1),(288,13,3,3,4,858,858,5,0,0,35,1,0,0),(289,20,3,3,5,882,900,5,1,280,43,1,0,0),(290,4,3,3,6,698,1396,7,1,384,4,1,0,0),(291,6,4,4,8,1079,1919,8,2,685,0,2,0,1),(292,19,3,2,5,780,1716,9,0,0,8,2,1,0),(293,8,3,3,5,768,1716,8,1,281,1,1,0,1),(294,17,3,4,7,795,2263,9,2,539,12,2,1,1),(295,13,3,3,6,1416,1644,7,2,418,56,1,1,0),(296,12,3,3,6,1003,1003,6,2,588,22,1,1,0),(297,10,3,3,5,910,1558,6,1,282,57,1,0,1),(298,22,4,4,7,975,1950,7,2,576,9,2,0,1),(299,17,4,3,6,702,1743,7,2,539,39,1,0,2),(300,7,3,4,6,1092,1152,6,1,300,5,1,0,0),(301,7,3,3,5,1165,1336,5,1,375,53,1,1,0),(302,6,4,4,8,1028,2452,9,2,683,8,2,0,1),(303,6,4,4,7,1541,1541,6,3,843,4,2,0,0),(304,6,3,3,5,894,894,5,2,552,34,1,1,0),(305,18,3,4,7,1470,3493,10,3,870,6,3,0,0),(306,6,4,4,8,2000,2000,8,3,888,2,2,1,0),(307,21,4,4,7,700,2243,8,3,746,16,2,1,1),(308,10,3,2,6,319,1406,6,0,0,58,1,0,0),(309,8,3,3,4,861,861,4,2,539,59,1,0,0),(310,16,4,5,9,1896,1944,8,3,708,2,2,1,0),(311,9,3,4,6,697,1501,6,2,420,12,2,0,1),(312,13,3,3,6,972,972,5,1,240,7,1,1,0),(313,18,3,3,5,793,1118,5,2,410,56,1,1,0),(314,24,3,3,7,2136,2036,8,2,513,44,2,2,0),(315,18,3,5,7,728,1641,6,2,546,16,1,0,1),(316,9,4,4,7,716,1432,6,2,432,4,2,1,1),(317,17,4,5,7,845,2353,10,2,484,29,2,1,1),(318,22,4,4,8,1088,1959,8,3,1025,1,2,0,1),(319,14,4,4,7,1347,2646,9,3,656,16,2,1,1),(320,17,3,3,7,1372,1472,6,2,588,29,2,1,0),(321,16,3,4,9,1249,2596,9,3,840,0,3,0,1),(322,16,4,4,8,1136,2468,10,3,872,3,2,1,1),(323,21,4,4,7,1502,2730,8,2,576,20,2,1,1),(324,18,3,3,3,1162,1163,6,1,220,1,1,1,0),(325,13,4,4,7,710,2978,11,2,564,3,2,0,1),(326,10,3,3,5,720,803,5,2,360,57,1,0,0),(327,25,4,4,8,1719,1719,6,2,473,15,1,2,1),(328,13,3,3,6,1383,1383,7,1,292,46,1,0,1),(329,4,3,4,6,844,2134,10,2,441,15,2,0,0),(330,10,3,3,5,596,1192,6,1,189,59,1,0,0),(331,13,3,3,5,1728,1728,10,1,352,43,2,0,0),(332,13,3,3,5,1056,1056,6,1,308,15,1,1,0),(333,16,4,4,8,3206,1629,7,3,880,5,2,1,0),(334,16,4,4,7,1358,1358,6,2,484,4,2,1,0),(335,9,3,3,6,943,1638,7,2,472,10,2,1,1),(336,24,3,3,5,1499,1786,7,2,529,43,2,2,0),(337,23,4,4,9,1922,1922,8,3,676,1,2,1,0),(338,6,4,4,7,1536,1536,7,2,532,5,2,1,0),(339,17,4,4,7,1208,1621,8,2,440,8,2,1,0),(340,13,3,3,6,1215,1215,6,1,297,11,1,0,0),(341,24,4,4,8,967,1908,9,2,431,8,2,0,1),(342,21,2,3,4,721,841,4,1,294,59,1,0,0),(343,13,3,3,3,0,1040,6,2,400,56,2,0,0),(344,16,5,5,9,1684,1684,6,2,564,3,2,0,0),(345,11,3,3,5,536,1112,4,1,336,34,1,0,1),(346,4,3,2,6,972,1577,6,1,312,56,1,0,0),(347,13,3,3,6,958,958,5,1,301,9,1,0,0),(348,13,3,3,6,1478,1478,6,2,498,49,2,1,0),(349,16,4,4,7,764,1626,6,2,474,4,2,1,1),(350,16,5,5,9,1848,2728,10,3,706,0,2,1,1),(351,16,5,5,9,1869,1869,6,2,617,0,2,0,0),(352,5,3,4,7,1453,1453,6,2,445,20,1,1,1),(353,8,3,3,5,616,1111,5,1,200,58,1,0,0),(354,18,3,3,6,624,720,5,2,484,7,1,0,0),(355,19,3,3,6,940,1595,6,1,240,6,1,0,0),(356,6,4,4,6,1200,1200,6,2,521,12,2,1,0),(357,9,3,4,6,1158,1167,6,2,400,17,2,1,0),(358,11,3,3,5,1142,1142,6,2,528,31,1,1,1),(359,5,3,4,5,1062,1352,6,1,288,48,1,0,0),(360,14,4,4,8,1086,1924,7,2,592,8,2,1,1),(361,12,3,3,6,888,912,5,2,470,29,1,1,0),(362,4,3,3,5,883,1505,8,1,240,26,1,1,0),(363,8,4,4,7,0,1922,7,2,672,6,3,0,0),(364,3,3,4,6,483,987,5,1,264,2,1,0,1),(365,17,3,3,6,796,1574,6,2,566,30,2,1,1),(366,10,3,3,5,672,1344,6,1,468,12,1,0,0),(367,13,3,3,6,1394,1394,6,2,514,46,1,1,1),(368,13,3,3,6,1099,1431,6,1,296,46,1,0,0),(369,13,3,3,5,1268,1268,7,1,244,56,1,0,0),(370,13,3,4,5,1063,1287,7,2,576,4,1,1,0),(371,9,3,3,6,953,1664,7,2,460,6,2,0,1),(372,5,3,3,4,0,1588,7,2,680,49,2,0,0),(373,21,3,3,6,744,752,4,1,264,26,1,1,0),(374,13,3,3,5,608,1319,5,1,270,56,1,1,0),(375,6,4,4,7,847,1928,8,2,434,3,2,0,1),(376,8,2,2,1,683,904,4,0,0,59,0,1,1),(377,6,4,3,5,870,914,5,2,576,10,1,0,0),(378,22,4,4,8,1580,2466,8,2,610,2,3,0,0),(379,23,4,5,9,1856,1856,8,3,834,0,1,1,1),(380,9,3,3,6,982,1800,7,2,463,9,2,0,1),(381,19,3,4,5,1026,1691,6,1,308,60,2,0,0),(382,22,4,4,7,1293,1301,5,2,572,0,2,1,0),(383,6,4,4,7,939,1797,8,2,639,1,2,0,1),(384,21,3,3,6,784,784,5,2,360,59,1,0,0),(385,5,4,4,6,1580,1953,9,2,501,15,2,1,1),(386,1,4,4,8,1256,1269,6,2,430,5,2,0,0),(387,8,3,3,5,658,1184,8,0,0,10,1,0,0),(388,8,3,3,6,1041,1125,6,1,352,33,1,1,0),(389,6,4,4,7,1468,1479,6,2,577,8,2,0,0),(390,16,5,5,10,1682,2332,9,3,846,0,2,1,1),(391,8,3,3,5,861,1367,7,1,384,58,1,1,0),(392,12,3,4,6,804,1961,7,2,560,7,2,1,1),(393,13,3,3,5,0,882,5,1,294,48,1,0,0),(394,4,3,3,4,788,788,4,0,0,56,1,0,0),(395,18,3,3,5,735,1034,5,1,240,57,1,0,0),(396,8,3,3,5,1144,1144,6,1,596,54,1,1,0),(397,6,3,3,5,894,894,6,2,600,37,1,0,0),(398,13,3,3,5,864,1812,8,1,264,45,2,0,0),(399,10,3,3,5,961,1077,6,1,338,57,1,0,0),(400,22,4,4,7,1092,1550,7,2,438,2,2,1,0),(401,25,4,5,8,1260,1288,4,2,500,12,1,1,1),(402,6,4,4,7,1310,1310,6,2,400,1,2,0,0),(403,20,3,3,5,672,672,4,1,240,11,1,0,0),(404,14,4,4,8,1141,2263,10,2,420,8,2,0,1),(405,9,3,3,6,806,1572,7,2,373,11,2,0,1),(406,20,3,3,4,1281,1620,8,2,490,16,2,1,0),(407,19,3,3,6,1064,1639,6,1,240,58,1,0,0),(408,7,3,3,6,840,1680,8,1,308,32,2,0,0),(409,16,4,4,7,1063,2172,9,3,947,1,2,0,1),(410,22,4,5,8,1034,2078,8,3,836,0,2,1,1),(411,8,3,3,5,1276,1276,5,1,350,51,1,0,0),(412,9,3,3,5,1056,1056,5,2,572,51,1,1,0),(413,22,5,4,7,1470,1478,7,2,484,1,2,1,1),(414,18,3,3,5,1008,1028,5,2,360,60,1,0,0),(415,21,4,4,7,1080,2097,9,3,678,15,2,0,1),(416,9,4,4,7,1340,1340,6,2,396,0,2,0,0),(417,20,3,3,6,672,1400,6,2,440,28,1,0,1),(418,7,3,3,6,1370,2624,10,3,864,57,2,1,1),(419,8,3,3,5,756,1134,7,1,240,57,1,1,1),(420,13,3,3,5,1056,1056,6,1,304,42,1,1,0),(421,12,3,3,7,1344,1344,8,4,784,10,2,2,0),(422,17,4,4,6,1602,1602,8,2,529,9,2,0,0),(423,12,3,3,5,988,988,4,2,520,54,1,0,0),(424,14,4,4,8,1470,2630,8,3,696,10,2,1,1),(425,13,3,3,6,1196,1196,6,1,297,52,1,1,0),(426,18,3,3,7,651,1389,6,1,240,17,1,0,1),(427,21,4,4,7,1518,1644,5,2,569,20,2,1,0),(428,13,3,3,4,907,907,5,1,352,51,1,0,0),(429,6,4,4,7,1208,1208,6,2,628,0,2,1,0),(430,24,3,4,6,1392,1412,6,2,576,21,2,1,0),(431,3,3,3,6,483,987,4,1,264,37,1,0,1),(432,18,3,3,6,901,1198,7,0,0,10,1,0,0),(433,3,3,3,5,765,1365,6,2,440,36,1,1,1),(434,9,3,3,6,926,1604,7,2,470,10,2,0,1),(435,11,3,3,4,630,630,3,0,0,36,1,1,0),(436,6,4,4,7,799,1661,6,2,550,13,2,1,1),(437,18,3,3,6,648,1118,6,2,440,56,1,0,0),(438,4,4,3,6,884,904,4,1,180,5,1,0,0),(439,7,3,4,5,440,694,4,1,352,5,1,0,0),(440,8,3,4,6,684,1196,7,2,528,9,1,0,0),(441,16,5,5,10,3094,2402,10,3,672,1,2,1,0),(442,8,3,2,4,1440,1440,8,0,0,53,2,0,0),(443,4,3,3,5,1078,1573,8,2,360,16,2,0,0),(444,1,4,4,7,1258,1258,6,3,648,0,2,0,0),(445,6,4,4,7,915,1908,8,2,493,13,2,1,1),(446,8,3,3,6,1436,1689,7,2,480,53,1,0,0),(447,13,4,4,6,1517,1888,6,2,578,8,2,0,1),(448,9,4,4,7,930,1886,10,2,431,7,2,0,1),(449,10,3,3,6,780,1376,7,1,198,56,2,0,0),(450,18,3,3,3,649,1183,6,1,308,5,1,0,1),(451,18,3,4,6,813,813,5,1,270,1,1,0,0),(452,5,3,4,7,1533,1533,5,2,576,31,2,1,0),(453,24,4,3,6,872,1756,7,2,422,10,2,1,1),(454,22,4,4,8,768,1590,6,2,676,1,2,0,1),(455,12,3,3,5,1728,1728,8,2,560,30,2,2,0),(456,17,3,3,7,1242,1242,6,2,528,34,1,0,1),(457,18,3,3,5,624,1344,7,3,513,58,1,0,0),(458,5,3,4,4,1364,1663,6,2,529,14,1,1,0),(459,18,3,4,8,588,1666,7,1,228,12,1,0,0),(460,4,3,4,5,709,1203,5,1,352,59,1,1,0),(461,22,4,3,8,832,1935,8,2,552,0,2,1,1),(462,19,4,4,7,560,1135,6,2,576,2,1,1,0),(463,20,3,3,5,864,864,5,1,360,44,1,0,0),(464,7,3,3,6,715,1660,6,1,240,13,1,0,1),(465,6,3,3,5,1040,1040,5,0,0,31,2,0,0),(466,1,4,4,7,1375,1414,6,2,398,2,2,0,0),(467,13,3,3,7,1277,1277,5,2,526,37,1,1,0),(468,13,3,4,5,728,1644,7,1,312,12,1,0,1),(469,16,4,4,8,1626,1634,7,3,866,1,2,0,0),(470,21,4,4,6,832,1710,7,2,506,15,2,0,1),(471,23,4,4,8,1488,1502,4,2,528,25,1,1,1),(472,17,3,3,7,808,1969,8,2,534,30,2,0,1),(473,8,3,3,6,547,1072,5,2,525,3,1,1,0),(474,16,4,4,8,1976,1976,7,3,908,0,2,1,0),(475,23,4,5,8,1494,1652,6,2,499,7,2,1,0),(476,20,3,3,5,970,970,5,2,624,44,1,1,0),(477,6,3,4,6,1478,1493,7,2,508,10,2,1,0),(478,16,5,5,9,2153,2643,9,3,694,1,2,0,1),(479,6,4,4,8,1705,1718,7,3,826,1,2,1,0),(480,18,3,3,4,907,1131,7,2,672,7,1,0,0),(481,16,4,4,9,1833,1850,8,3,772,1,2,1,0),(482,16,4,5,9,1792,1792,6,3,874,2,2,1,0),(483,18,4,5,7,910,1826,7,1,164,4,1,1,1),(484,12,3,3,6,1216,1216,5,2,402,8,2,1,0),(485,20,3,4,5,999,999,6,1,264,6,1,1,0),(486,13,4,4,5,1113,1113,5,1,264,2,1,0,0),(487,13,3,3,5,1073,1073,6,2,515,42,1,1,1),(488,17,3,3,5,1484,1484,7,2,487,36,2,0,0),(489,18,3,3,5,954,2414,10,2,520,36,2,0,0),(490,11,3,4,4,630,630,3,1,286,7,1,1,0),(491,11,3,3,5,264,1304,4,1,336,32,1,0,1),(492,13,3,2,6,806,1578,5,1,240,56,1,1,0),(493,9,4,3,6,728,1456,8,2,429,0,2,0,1),(494,13,3,3,5,1269,1269,6,1,308,48,1,0,1),(495,18,3,3,5,190,886,4,1,273,13,1,0,0),(496,10,3,3,4,720,720,4,0,0,59,1,0,0),(497,14,4,4,8,3200,3228,10,2,546,14,3,1,0),(498,4,3,3,7,1026,1820,8,1,240,58,2,1,0),(499,20,3,4,5,864,899,5,1,288,5,1,0,0),(500,13,3,3,5,912,912,5,1,297,22,1,0,0),(501,3,3,3,6,672,1218,7,1,264,34,1,0,1),(502,22,4,4,7,866,1768,7,2,603,3,2,0,1),(503,8,3,3,5,1214,1214,6,2,461,42,1,1,0),(504,7,3,3,7,1501,1801,6,2,484,13,2,1,0),(505,15,3,3,6,855,1322,6,2,440,35,2,0,1),(506,18,3,3,5,960,1960,10,2,400,57,2,0,0),(507,21,4,4,8,777,1911,8,2,471,12,2,0,1),(508,22,4,4,6,1218,1218,4,2,676,0,2,0,0),(509,18,3,4,7,689,1378,7,2,360,3,2,0,0),(510,13,3,3,5,1041,1041,6,1,270,50,1,1,0),(511,13,4,3,5,1008,1363,6,1,288,9,1,1,0),(512,16,4,4,7,1368,1368,6,2,474,0,2,0,0),(513,13,3,3,5,864,864,5,2,624,48,1,1,0),(514,12,3,3,6,1084,1080,5,2,484,24,1,0,1),(515,7,3,3,5,768,789,5,1,200,57,1,0,0),(516,16,5,5,10,2006,2020,9,3,900,0,2,1,1),(517,17,3,3,6,689,2119,7,2,583,37,2,0,1),(518,14,4,4,7,1264,2344,7,3,889,12,2,0,1),(519,6,3,3,6,794,1796,7,2,546,9,2,1,1),(520,7,4,4,7,1276,2080,9,1,282,5,1,0,1),(521,18,3,3,4,0,1294,7,0,0,8,2,0,0),(522,13,3,3,6,1244,1244,6,1,336,50,1,0,1),(523,4,3,3,6,1004,1664,7,2,420,56,2,0,0),(524,8,5,5,10,3138,4676,11,3,884,-1,3,1,1),(525,14,4,4,7,1379,2398,8,3,834,10,2,1,1),(526,22,4,4,7,1257,1266,6,2,453,1,2,0,0),(527,13,3,3,5,928,928,4,1,252,7,1,0,0),(528,16,5,5,9,1452,2713,11,3,858,0,2,1,1),(529,8,3,3,4,528,605,5,0,0,5,1,1,0),(530,7,4,3,6,2035,2515,9,2,484,32,3,1,0),(531,24,4,4,6,1461,1509,5,2,600,19,2,1,0),(532,4,3,3,6,611,1362,6,2,502,9,2,0,0),(533,13,3,3,5,0,827,5,1,392,3,1,0,0),(534,4,2,2,1,0,334,2,0,0,57,1,0,0),(535,9,4,4,8,707,1414,6,2,403,2,2,0,1),(536,8,3,3,5,1117,1347,5,0,0,17,1,1,0),(537,6,3,4,7,880,1724,8,2,527,9,2,0,1),(538,13,3,3,4,864,864,5,2,576,36,1,0,0),(539,20,3,3,5,1051,1159,7,1,336,38,1,0,1),(540,6,4,4,8,1581,1601,6,2,670,8,2,1,0),(541,24,5,5,9,1838,1838,8,3,765,3,2,1,0),(542,14,4,4,8,969,2285,8,3,648,7,2,0,1),(543,17,4,4,7,1650,1680,7,2,583,10,2,1,0),(544,13,3,3,7,723,767,4,1,367,9,1,1,0),(545,9,4,4,7,654,1496,7,2,426,0,2,1,1),(546,17,4,4,7,1204,2183,9,3,786,18,2,0,1),(547,4,3,3,6,1065,1635,6,2,440,57,1,0,1),(548,12,3,3,5,768,768,5,2,624,37,1,1,0),(549,18,3,3,5,825,825,4,2,720,13,1,1,0),(550,22,4,4,7,912,2094,8,2,615,5,2,0,1),(551,15,3,3,6,1069,1069,4,2,440,31,2,0,0),(552,18,3,3,5,928,928,5,1,288,51,1,0,0),(553,16,4,4,8,1709,1717,7,3,908,3,2,0,0),(554,8,3,4,4,0,1126,5,2,520,6,2,0,0),(555,16,4,4,7,998,2046,8,3,871,4,2,1,1),(556,4,3,3,5,993,1048,5,1,280,56,1,0,0),(557,13,3,3,5,1092,1092,6,1,299,49,1,1,0),(558,10,3,3,4,637,1336,7,1,570,56,1,0,1),(559,9,3,3,7,729,1446,6,2,406,11,2,0,1),(560,1,4,4,7,1374,1557,7,2,420,2,2,0,0),(561,20,3,3,5,1392,1392,5,2,528,14,1,1,1),(562,12,3,3,5,1389,1389,6,2,418,31,1,1,0),(563,8,3,3,5,996,996,6,0,0,39,1,1,0),(564,8,3,3,6,1163,1674,8,2,396,58,2,0,0),(565,14,4,4,7,1095,2295,9,2,590,6,2,1,1),(566,19,3,2,6,806,1647,6,1,216,60,1,1,1),(567,23,4,5,9,1122,2504,11,3,656,1,2,0,1),(568,16,4,4,7,1517,1535,7,2,532,6,2,0,0),(569,21,4,4,8,1496,2132,5,2,612,0,1,1,1),(570,13,3,3,5,943,943,4,2,600,27,1,1,0),(571,13,3,3,5,1728,1728,10,2,576,43,2,0,0),(572,13,3,4,6,864,864,4,1,288,47,1,1,0),(573,24,3,4,7,846,1692,6,2,650,0,2,0,1),(574,9,3,3,7,384,1430,8,2,400,7,2,0,1),(575,13,3,3,5,372,1109,5,1,288,2,1,0,0),(576,13,3,3,5,832,1216,6,1,336,58,1,0,0),(577,19,3,3,7,861,1477,6,1,216,59,2,0,0),(578,20,3,3,5,1164,1320,6,2,564,40,1,1,0),(579,22,4,4,7,689,1392,5,2,540,1,2,0,0),(580,18,3,3,5,1050,1795,7,1,352,54,2,0,0),(581,13,3,4,6,1144,1429,7,2,572,20,1,0,0),(582,16,5,5,8,2042,2042,8,3,1390,0,2,0,1),(583,8,3,3,6,816,816,5,0,0,17,1,1,0),(584,18,5,4,10,1237,2775,9,2,880,8,3,0,1),(585,4,3,4,4,884,1573,6,1,240,14,1,0,0),(586,24,4,4,8,1868,2028,7,3,880,0,2,1,0),(587,4,3,2,6,816,838,5,1,275,8,1,1,0),(588,20,3,3,5,840,860,4,2,528,27,1,1,0),(589,5,3,5,5,1437,1473,5,1,452,6,1,2,0),(590,4,3,3,5,742,935,4,1,308,48,1,0,0),(591,6,4,4,7,770,1582,6,2,520,4,2,0,1),(592,16,5,5,10,1722,2296,10,3,842,1,2,1,1),(593,12,3,3,5,816,816,4,2,816,5,1,1,0),(594,6,4,4,6,848,848,4,2,420,6,1,1,0),(595,6,3,3,5,924,924,5,1,280,33,1,0,0),(596,23,4,4,8,1814,1826,7,3,758,0,2,1,0),(597,18,3,3,6,684,1368,7,1,216,13,1,0,0),(598,1,4,4,7,1258,1402,7,3,648,0,0,0,2),(599,7,3,4,5,1430,1647,7,2,621,29,2,1,0),(600,2,3,3,6,716,1556,6,2,452,28,2,1,1),(601,16,4,5,8,1058,1904,8,2,736,1,2,1,1),(602,10,3,4,6,780,1375,6,1,544,57,1,0,1),(603,21,4,4,8,908,1915,8,2,506,14,2,1,1),(604,22,4,4,7,600,1200,4,2,480,5,2,0,1),(605,6,4,4,7,1494,1494,6,2,530,6,2,1,0),(606,13,3,3,7,768,1986,7,2,486,19,2,0,1),(607,6,3,4,5,1040,1040,6,2,576,13,1,1,0),(608,8,3,5,5,896,2008,8,1,230,4,3,1,0),(609,7,3,3,8,965,3194,10,2,380,9,2,0,1),(610,20,3,3,4,1029,1029,5,1,261,46,1,1,0),(611,6,4,5,9,1440,2153,8,3,736,9,2,1,1),(612,17,3,3,6,1032,1032,6,2,564,29,2,0,0),(613,6,4,5,8,1299,1872,7,2,531,8,2,1,1),(614,12,3,3,5,1120,1120,6,0,0,0,1,0,0),(615,11,3,3,4,630,630,3,0,0,38,1,1,0),(616,13,3,4,6,936,1054,6,2,480,47,1,1,0),(617,9,4,4,6,783,1509,7,2,393,3,2,1,1),(618,13,3,4,6,832,832,4,2,528,54,1,0,0),(619,16,5,4,9,1822,1828,9,3,774,0,2,0,0),(620,24,4,4,8,1482,2262,10,3,749,5,2,1,1),(621,8,3,3,3,864,864,5,0,0,58,1,1,0),(622,17,3,3,6,1522,2614,9,2,624,11,2,0,1),(623,20,3,3,5,980,980,6,2,484,32,1,0,0),(624,22,4,4,6,756,1512,4,2,440,7,2,0,1),(625,17,3,3,6,732,1790,8,2,484,34,1,1,2),(626,13,3,3,6,1116,1116,5,2,440,48,1,0,1),(627,13,3,3,5,978,1422,6,1,286,29,1,0,0),(628,13,3,3,6,1156,1520,7,1,364,38,1,1,0),(629,13,3,2,5,1040,2080,9,2,504,38,1,0,2),(630,13,3,3,6,1248,1350,6,2,520,44,1,1,1),(631,18,3,5,5,636,1750,8,1,240,15,1,0,0),(632,16,4,4,8,1554,1554,6,2,627,1,2,0,0),(633,17,3,3,7,1386,1411,6,2,544,32,2,0,0),(634,13,3,3,5,1056,1056,6,1,260,2,1,0,0),(635,18,3,3,6,1056,1056,4,2,576,30,0,2,0),(636,19,2,2,6,1440,3395,14,0,0,12,2,0,0),(637,4,2,2,2,264,800,4,0,0,59,1,0,0),(638,18,3,4,5,811,1387,7,1,256,55,2,0,0),(639,8,3,3,5,796,796,4,0,0,58,1,0,0),(640,1,4,5,8,1520,1567,7,3,648,0,2,1,0),(641,16,5,5,8,1518,1518,6,2,588,4,1,0,1),(642,22,4,4,7,1057,1929,7,2,650,6,2,1,1),(643,13,4,5,8,1952,2704,9,2,538,14,2,1,1),(644,17,3,3,5,780,1620,7,2,462,38,2,0,1),(645,22,5,5,9,1766,1766,7,3,478,0,2,1,1),(646,13,3,3,6,981,981,5,2,576,36,1,1,1),(647,13,3,3,5,0,1048,7,2,420,58,1,0,0),(648,8,3,3,6,1094,1094,5,2,495,55,1,0,0),(649,13,3,3,6,756,1839,7,2,442,44,1,0,1),(650,11,3,3,4,630,630,3,0,0,37,1,1,0),(651,22,4,4,7,813,1665,7,2,562,1,2,0,1),(652,8,3,3,4,755,1510,7,1,296,59,1,1,0),(653,6,4,4,7,880,1716,7,2,512,13,2,0,1),(654,10,3,3,6,756,1469,7,1,216,13,1,0,0),(655,14,4,4,8,2109,2113,7,3,839,13,2,1,1),(656,3,3,3,6,525,1092,6,1,264,39,1,0,1),(657,13,4,4,5,1053,1053,5,1,312,2,1,1,1),(658,7,3,3,7,776,1502,6,1,270,8,1,0,1),(659,13,3,3,6,912,1458,6,1,330,60,1,0,0),(660,8,3,3,5,1486,1486,7,2,480,10,1,1,0),(661,17,3,3,7,793,1935,7,2,550,31,2,0,1),(662,14,4,4,8,1629,2448,8,3,711,4,2,1,1),(663,13,3,3,6,1392,1392,5,2,576,41,1,1,0),(664,8,3,3,4,1138,1181,6,2,588,36,2,1,0),(665,22,4,5,8,2077,2097,8,3,1134,0,1,1,1),(666,9,4,4,8,1406,1936,7,2,504,6,2,0,1),(667,13,3,3,6,1021,2380,7,2,596,28,2,0,1),(668,21,3,4,6,1408,1679,7,2,575,10,2,1,0),(669,20,3,3,5,1188,1437,6,2,576,19,1,1,1),(670,7,3,2,4,700,1180,5,1,252,56,1,0,0),(671,6,4,4,6,738,1476,7,2,540,4,2,1,1),(672,8,3,3,6,672,1369,6,1,300,59,2,1,0),(673,25,4,3,6,1208,1208,6,2,546,29,1,1,1),(674,7,3,4,6,1477,1839,7,2,416,3,2,1,0),(675,13,3,3,6,1136,1136,5,1,384,43,1,1,0),(676,15,3,3,6,855,1441,7,2,440,31,2,0,1),(677,18,3,3,4,1095,1774,8,3,779,56,2,1,0),(678,18,4,4,5,768,792,5,1,240,3,1,0,0),(679,23,4,4,8,2046,2046,7,3,834,1,2,0,1),(680,20,3,3,5,988,988,5,2,572,46,1,1,0),(681,21,3,3,6,923,923,5,1,264,30,2,0,0),(682,19,3,3,5,793,1520,6,1,281,9,1,0,0),(683,5,3,4,6,1291,1291,6,2,431,11,1,1,0),(684,6,4,4,9,1626,1668,7,3,702,5,2,1,0),(685,14,4,3,7,1195,1839,7,2,486,12,2,0,1),(686,23,4,4,7,1190,2090,6,2,577,23,2,1,0),(687,22,4,4,7,874,1761,7,2,578,0,3,0,0),(688,22,4,4,7,551,1102,4,2,480,3,2,0,1),(689,23,4,4,8,1419,1419,7,2,567,0,2,1,0),(690,16,4,4,6,1362,1362,6,2,460,1,2,0,0),(691,6,4,4,6,848,848,3,2,420,4,1,1,0),(692,14,5,5,10,2444,4316,10,3,832,12,3,0,1),(693,24,4,4,7,1210,2519,9,2,628,16,2,1,1),(694,18,3,3,5,1073,1073,4,1,326,38,1,0,0),(695,4,3,3,5,927,1539,5,2,576,59,1,0,1),(696,24,3,4,6,1112,1137,5,2,551,19,2,1,0),(697,4,3,3,5,616,616,4,1,205,56,1,0,0),(698,8,3,3,5,980,1148,6,1,308,54,1,0,0),(699,20,3,3,5,894,894,5,1,336,1,1,1,0),(700,22,4,4,7,1391,1391,5,2,530,4,2,0,0),(701,24,4,4,8,1800,1800,7,3,765,4,2,1,0),(702,17,3,3,7,1164,1164,6,2,528,37,1,0,1),(703,23,5,5,8,1234,2576,10,3,666,0,2,0,1),(704,18,3,4,5,360,1812,8,2,672,14,2,0,0),(705,6,4,4,7,1473,1484,7,2,606,5,2,1,0),(706,10,2,2,4,0,1092,7,0,0,60,2,0,0),(707,5,3,4,7,1643,1824,5,2,739,5,2,1,0),(708,16,4,4,8,1324,1324,6,2,550,3,2,1,0),(709,9,4,4,7,728,1456,8,2,400,0,2,0,1),(710,20,3,3,5,876,904,6,1,408,42,1,0,0),(711,4,4,3,3,270,729,5,0,0,5,1,0,0),(712,10,3,3,4,859,1178,7,1,384,60,1,0,0),(713,23,4,4,8,1228,1228,5,2,472,19,2,1,0),(714,4,3,3,4,960,960,6,2,576,36,1,1,0),(715,20,4,4,6,725,1479,6,2,475,5,2,0,1),(716,17,3,3,6,1064,1350,7,2,478,35,2,0,0),(717,18,3,3,7,718,2554,8,2,704,9,1,0,1),(718,17,3,4,5,1176,1178,5,2,439,8,1,0,1),(719,14,4,4,7,1311,2418,9,3,983,14,2,1,1),(720,6,3,3,5,971,971,5,1,300,37,1,0,1),(721,23,4,4,8,1742,1742,5,2,564,21,2,1,0),(722,6,4,4,6,848,848,3,2,420,6,1,1,0),(723,13,3,3,4,864,864,5,2,463,39,1,0,0),(724,8,3,3,4,941,1470,7,1,548,36,2,0,0),(725,8,5,5,9,1698,1698,8,3,768,1,2,1,0),(726,13,3,4,4,864,864,5,2,660,39,1,0,0),(727,7,4,4,6,880,1680,5,2,540,2,2,1,0),(728,6,4,4,7,1232,1232,6,2,632,2,2,1,0),(729,13,3,3,5,1584,1776,9,3,888,51,2,1,0),(730,10,3,3,4,780,1208,5,2,539,59,1,0,0),(731,23,4,4,8,1595,1616,5,2,608,14,2,1,0),(732,24,4,4,7,868,1146,6,2,438,4,2,1,0),(733,6,4,4,7,1153,2031,8,2,541,9,2,0,1),(734,20,3,3,5,864,1144,6,1,264,26,1,1,0),(735,20,3,3,5,948,948,6,1,300,39,1,0,0),(736,18,3,3,7,880,1768,6,2,320,36,1,0,1),(737,13,3,3,3,0,1040,6,2,400,56,2,0,0),(738,9,4,4,8,893,1801,8,3,800,1,2,0,1),(739,8,3,3,5,1200,1200,5,0,0,21,3,3,0),(740,6,4,4,7,864,1728,7,2,572,5,2,0,1),(741,18,3,3,5,264,1432,7,2,360,5,2,0,0),(742,20,3,4,6,912,912,5,1,288,12,1,1,0),(743,21,3,3,7,1349,1349,6,2,539,6,2,0,0),(744,20,3,3,5,520,1464,6,2,480,10,2,0,0),(745,23,4,4,8,1337,1337,5,2,462,15,2,1,0),(746,17,5,4,8,1142,2715,11,2,831,12,3,0,1),(747,9,4,4,7,952,2256,8,2,554,9,2,0,1),(748,18,4,4,7,1240,2640,8,4,864,6,1,0,1),(749,14,4,4,7,1720,1720,7,2,527,14,2,1,0),(750,8,3,3,4,0,1529,9,1,240,59,2,0,0),(751,18,3,3,4,576,1140,7,0,0,6,1,0,0),(752,9,4,4,7,660,1320,6,2,400,4,2,0,1),(753,6,3,4,6,1479,1494,6,2,576,9,2,1,0),(754,16,4,5,8,1030,2098,8,3,878,1,2,0,1),(755,13,3,4,6,1026,1026,5,2,440,4,1,1,0),(756,22,3,3,6,729,1471,6,2,440,10,2,0,1),(757,6,4,4,8,866,1768,7,2,578,2,2,0,1),(758,20,3,3,6,672,1386,6,2,440,32,2,0,1),(759,22,3,3,7,744,1501,6,2,440,9,2,0,1),(760,14,4,4,8,1318,2531,9,3,752,12,2,0,1),(761,13,3,3,6,864,864,5,1,300,50,1,0,0),(762,4,3,2,5,1145,1301,5,2,440,59,1,0,0),(763,22,3,4,7,756,1547,7,2,614,1,2,0,1),(764,14,4,4,8,1252,2365,8,3,856,10,2,1,1),(765,25,4,5,8,1494,1494,6,2,481,10,1,1,1),(766,22,4,5,9,1498,1506,6,2,592,0,2,0,0),(767,17,3,3,7,980,1714,7,2,496,22,2,0,1),(768,12,3,3,6,983,1750,7,1,423,23,2,1,0),(769,6,4,4,7,1860,1836,8,2,484,1,2,0,0),(770,23,5,5,8,1650,3279,12,3,841,7,3,1,1),(771,20,3,3,5,858,858,5,2,576,27,1,1,0),(772,8,3,3,4,836,1220,6,2,396,55,1,0,0),(773,8,3,3,6,1029,1117,6,2,672,34,1,1,0),(774,13,3,3,5,912,912,5,1,275,49,1,0,0),(775,16,4,4,8,1935,1973,9,3,895,1,2,0,0),(776,12,3,3,6,1204,1204,5,2,412,11,2,1,0),(777,6,4,4,7,1614,1614,7,3,865,0,2,0,0),(778,20,3,3,5,864,894,5,2,440,32,1,1,0),(779,21,3,3,5,0,2020,10,2,630,30,2,0,0),(780,12,3,3,6,975,1004,4,2,504,29,1,1,0),(781,9,3,3,7,1237,1253,6,2,402,11,2,0,0),(782,21,4,4,6,761,1603,7,2,484,14,2,0,1),(783,6,4,4,7,1413,1430,6,2,605,7,2,0,0),(784,12,3,4,5,1097,1110,4,2,602,31,1,1,0),(785,18,3,3,6,742,1484,9,0,0,7,2,0,0),(786,17,3,3,6,1372,1342,7,2,457,42,2,0,0),(787,18,3,3,5,686,1652,7,1,416,60,2,1,0),(788,21,4,4,7,956,2084,8,2,618,6,2,1,1),(789,18,3,3,4,901,901,4,1,281,8,1,0,0),(790,5,3,4,6,832,2087,9,2,444,0,2,0,1),(791,1,4,4,7,1145,1145,5,2,397,3,2,0,0),(792,12,3,3,6,1029,1062,5,2,539,31,1,1,0),(793,14,4,3,7,1117,2013,8,2,455,10,2,1,1),(794,22,4,4,8,1496,1496,7,2,474,0,2,0,0),(795,9,4,4,7,712,1895,7,2,409,12,2,0,1),(796,21,3,3,6,650,1564,7,2,476,29,2,0,1),(797,20,3,3,6,660,1285,7,2,528,30,1,0,1),(798,13,3,3,5,773,773,4,1,240,55,1,0,0),(799,16,5,5,9,1926,3140,11,3,820,0,3,0,1),(800,19,3,4,5,731,1768,7,1,240,57,1,1,1),(801,5,3,4,6,616,1688,8,2,603,11,2,1,1),(802,10,3,3,4,1196,1196,5,2,440,17,1,1,0),(803,6,4,4,7,728,1456,7,2,410,3,2,1,1),(804,16,5,5,9,1734,2822,12,3,1020,0,3,0,1),(805,13,3,3,5,936,1128,5,1,286,52,1,0,0),(806,22,4,5,7,1417,1428,6,2,554,0,2,0,0),(807,13,3,3,5,980,980,6,1,384,39,2,0,0),(808,4,3,4,5,1324,1576,6,2,528,5,1,2,1),(809,13,3,3,5,1024,1086,6,2,484,40,1,1,0),(810,18,3,3,5,849,2138,11,2,360,44,2,0,0),(811,17,3,4,6,1040,1309,5,2,484,7,1,1,1),(812,6,4,4,6,848,848,4,2,420,4,1,1,0),(813,10,2,2,5,540,1044,4,2,504,58,1,0,0),(814,13,3,3,6,1442,1442,7,1,301,49,1,0,1),(815,8,3,2,5,686,1250,7,1,280,56,1,0,1),(816,6,3,4,7,1649,1661,6,2,598,12,2,0,0),(817,13,3,3,5,1008,1008,4,1,275,52,1,0,0),(818,12,4,4,8,1568,1689,7,3,857,6,2,1,0),(819,5,3,3,6,1010,1052,6,2,440,39,1,1,0),(820,16,4,4,7,1358,1358,6,2,484,0,2,1,0),(821,6,4,4,7,798,1640,6,2,595,5,2,0,1),(822,18,2,3,4,936,936,4,2,576,56,1,0,0),(823,9,4,4,7,847,1733,7,2,433,4,2,0,1),(824,19,3,3,6,778,1489,7,1,240,59,2,0,0),(825,22,4,4,8,1489,1489,7,2,776,0,2,0,0),(826,16,5,5,10,2078,2084,7,3,1220,0,2,1,0),(827,4,3,4,5,784,784,5,0,0,58,1,1,0),(828,21,4,4,7,1454,1434,6,2,527,8,2,0,0),(829,5,3,3,5,1013,2126,7,2,538,42,2,0,1),(830,22,4,4,7,600,1223,4,2,480,1,2,0,1),(831,13,3,3,6,1392,1392,6,2,458,51,1,1,1),(832,22,3,4,7,600,1200,4,2,480,1,2,0,1),(833,6,4,4,7,941,1829,7,2,613,7,2,1,1),(834,13,3,3,6,1516,1516,6,2,472,45,1,0,1),(835,13,3,3,5,1144,1144,6,2,456,47,1,1,0),(836,20,3,4,4,1067,1067,4,2,436,15,2,0,0),(837,18,3,3,5,1559,1559,5,2,812,34,1,1,0),(838,3,3,3,6,483,987,5,1,264,35,1,1,1),(839,6,3,4,5,1099,1099,6,1,352,2,1,0,1),(840,8,3,3,5,768,1200,6,1,240,13,1,0,0),(841,19,3,2,6,672,1482,7,1,400,58,2,0,0),(842,18,3,4,5,650,1539,8,2,686,6,2,0,0),(843,13,3,3,6,1127,1165,6,2,490,42,1,1,1),(844,13,3,3,5,1800,1800,10,0,0,46,2,0,0),(845,18,3,3,5,876,1416,7,3,720,58,1,0,1),(846,20,3,3,5,1390,1701,6,2,611,26,2,1,0),(847,21,4,4,7,740,1775,7,2,425,16,2,1,1),(848,6,3,3,5,864,864,5,1,338,37,1,1,0),(849,5,3,3,6,907,2358,10,2,360,11,3,0,0),(850,25,4,3,6,528,1855,7,2,512,13,2,0,1),(851,6,4,4,6,848,848,3,2,420,4,1,1,0),(852,1,4,4,8,1273,1456,7,2,400,3,2,0,0),(853,7,3,3,7,918,1646,7,1,240,57,2,0,0),(854,13,3,3,6,1127,1445,7,2,645,45,1,0,1),(855,20,3,3,5,1763,1779,6,2,454,32,1,1,1),(856,20,3,3,5,1040,1040,6,1,260,0,1,1,1),(857,6,3,3,6,940,1026,5,2,576,30,1,1,0),(858,9,3,3,6,702,1481,6,2,343,14,2,0,1),(859,17,3,3,7,1090,1370,6,2,479,33,2,0,0),(860,17,3,4,6,1054,2654,9,2,619,22,2,1,1),(861,7,4,4,7,912,1426,7,1,216,9,1,0,1),(862,20,3,3,5,1039,1039,6,2,504,45,1,1,1),(863,21,3,3,6,1040,1097,6,2,480,25,2,0,0),(864,13,3,3,5,1148,1148,6,1,672,50,1,1,0),(865,22,4,4,7,1372,1372,6,2,529,0,2,0,0),(866,13,3,3,5,1002,1002,5,2,902,39,1,1,0),(867,24,4,4,8,1638,1646,6,3,870,0,2,0,0),(868,20,3,2,4,1040,1120,5,2,544,46,1,1,1),(869,9,3,3,5,0,2320,7,2,672,56,2,0,0),(870,21,4,4,7,1050,1949,8,2,574,16,2,1,1),(871,13,3,3,5,894,894,5,1,308,47,1,0,0),(872,6,3,4,6,804,1682,7,2,523,12,2,0,1),(873,13,4,4,5,105,910,5,2,414,12,1,0,0),(874,13,4,3,5,832,1268,6,1,288,59,1,0,0),(875,18,3,3,5,676,1131,5,1,200,59,1,0,1),(876,22,4,5,8,1184,2610,11,2,550,0,2,0,1),(877,12,3,3,4,1064,1040,5,2,648,44,1,1,0),(878,16,4,5,9,1462,2224,10,3,738,4,2,1,1),(879,20,3,4,5,1109,1155,6,2,576,15,1,1,0),(880,6,4,3,5,864,864,6,1,336,4,1,1,0),(881,8,3,3,5,1090,1090,5,2,450,1,1,1,1),(882,24,4,4,7,1156,1717,7,2,400,16,2,0,1),(883,9,3,3,6,808,1593,7,2,389,16,2,0,1),(884,19,4,3,4,795,2230,10,1,440,56,1,1,0),(885,13,3,3,5,892,892,5,1,288,42,1,0,0),(886,22,4,4,9,1698,1709,5,2,506,8,2,1,0),(887,13,3,3,5,1626,1712,8,2,588,1,2,0,0),(888,8,3,3,5,816,1393,8,1,300,53,1,0,1),(889,13,4,4,8,2217,2217,8,2,621,37,2,1,0),(890,13,3,3,6,1505,1505,6,2,505,56,1,1,0),(891,13,3,3,5,672,924,6,2,576,1,1,0,0),(892,20,3,3,6,918,1683,7,2,440,31,2,0,1),(893,20,3,3,6,1059,1068,6,1,264,3,1,0,0),(894,20,3,3,5,1383,1383,6,1,354,54,1,1,0),(895,21,3,3,5,0,1535,8,2,400,30,2,0,0),(896,13,3,3,6,780,1796,8,2,483,45,1,1,1),(897,10,3,3,4,951,951,6,1,327,56,1,0,0),(898,21,3,3,5,0,2240,12,2,528,30,2,0,0),(899,16,5,5,9,2330,2364,11,3,820,0,2,1,1),(900,20,3,3,5,912,1236,6,1,288,12,1,0,0),(901,13,3,3,4,858,858,4,1,684,36,1,0,0),(902,13,3,3,5,992,1306,5,1,756,9,1,1,0),(903,9,4,4,7,783,1509,8,2,393,3,2,0,1),(904,9,4,4,7,1670,1670,7,3,690,0,2,0,0),(905,20,3,3,5,876,902,6,1,288,40,1,0,0),(906,13,3,3,5,1056,1063,6,1,280,56,1,1,0),(907,22,4,4,8,1623,1636,8,3,865,1,2,1,0),(908,7,4,4,7,1017,2057,6,1,180,19,1,0,1),(909,12,3,3,5,864,902,5,2,484,23,1,1,0),(910,9,4,4,6,742,1484,8,2,390,4,2,0,1),(911,13,3,3,5,1105,2274,12,2,480,50,2,0,0),(912,6,3,4,5,1268,1268,5,1,252,20,1,0,1),(913,4,3,3,5,768,1015,6,1,450,56,1,0,0),(914,7,3,3,5,1001,2002,8,3,871,57,2,0,0),(915,22,4,4,6,612,1224,4,2,528,0,2,0,1),(916,11,3,3,4,546,1092,6,1,286,37,1,0,1),(917,10,3,3,2,480,480,4,1,308,56,0,1,0),(918,8,3,3,4,1134,1229,6,1,284,53,1,0,0),(919,21,4,4,7,1104,2127,8,3,833,16,2,1,1),(920,13,5,3,6,1184,1414,6,2,601,6,1,1,0),(921,21,4,4,6,928,1721,7,2,471,13,2,0,1),(922,8,3,3,5,1272,2200,9,0,0,5,2,2,2),(923,9,4,4,6,1316,1316,6,2,397,0,2,0,0),(924,21,4,4,6,1604,1617,5,2,533,14,2,1,0),(925,17,3,3,6,1686,1686,7,2,612,26,2,1,0),(926,17,3,5,5,1126,1126,6,2,540,31,2,0,0),(927,16,4,5,8,1181,2374,10,3,656,3,2,0,1),(928,17,3,3,7,832,1978,9,2,486,40,2,0,1),(929,6,4,5,8,1753,1788,7,2,522,8,2,0,0),(930,9,3,4,7,964,2236,8,2,642,9,2,0,1),(931,24,4,4,8,1466,1466,7,3,610,2,2,0,0),(932,13,3,3,5,925,925,5,1,429,44,1,0,0),(933,22,5,5,9,1905,1905,8,3,788,1,2,0,0),(934,6,4,4,7,1500,1500,6,2,570,5,2,0,0),(935,13,3,4,7,585,2069,9,2,505,1,2,1,0),(936,4,3,3,4,600,747,5,2,528,53,1,0,0),(937,21,4,4,7,1176,1200,5,2,555,6,2,1,0),(938,22,4,4,7,1113,1971,8,2,689,4,2,0,1),(939,6,4,4,7,1391,1962,7,3,868,0,2,0,1),(940,5,3,3,7,1032,2403,10,1,349,60,2,0,0),(941,12,3,3,6,1728,1728,8,2,574,30,2,0,0),(942,9,4,4,7,992,2060,8,2,390,10,2,1,1),(943,8,3,3,4,1440,1440,8,0,0,30,2,2,0),(944,12,3,3,5,1632,1632,8,2,576,40,2,0,0),(945,24,3,4,6,819,1344,7,2,525,51,1,0,0),(946,18,3,3,5,1088,1869,7,2,456,13,1,0,0),(947,13,3,3,5,1144,1144,6,1,796,47,1,1,0),(948,24,4,4,8,1616,1629,9,3,808,4,2,1,0),(949,6,4,4,7,936,1776,7,2,474,4,2,0,1),(950,17,3,4,6,1161,1381,5,2,676,4,1,1,1),(951,13,3,4,5,864,864,5,2,720,5,1,1,0),(952,21,3,3,5,828,965,6,1,300,41,1,1,0),(953,6,3,3,5,768,768,5,1,396,6,1,0,0),(954,12,3,3,5,784,1968,7,2,530,39,2,0,1),(955,8,3,3,6,945,980,4,0,0,31,2,0,0),(956,7,3,3,6,979,1958,8,2,492,57,2,0,0),(957,2,3,3,6,561,1229,5,2,462,29,1,0,1),(958,20,3,3,5,1057,1057,6,2,576,45,1,0,0),(959,6,4,4,7,1337,1337,6,2,531,4,2,1,0),(960,22,4,4,7,696,1416,6,2,484,11,2,1,1),(961,4,3,3,5,858,858,4,0,0,2,1,1,0),(962,17,3,3,6,1330,2872,11,2,619,13,2,1,1),(963,15,3,4,6,804,1548,7,2,440,31,2,1,1),(964,6,4,5,9,1800,1800,7,2,702,2,2,0,0),(965,24,4,4,7,817,1894,8,2,510,7,2,1,1),(966,9,4,4,6,783,1484,8,2,393,0,2,0,1),(967,7,4,3,5,728,1308,7,1,256,59,1,1,1),(968,13,3,3,5,1098,1098,6,1,260,53,1,1,0),(969,18,3,3,3,600,968,6,0,0,59,1,0,0),(970,13,3,3,6,588,1095,6,1,264,48,1,1,0),(971,13,3,3,4,720,1192,6,0,0,56,1,0,1),(972,16,4,4,7,764,1626,6,2,474,5,2,0,0),(973,21,3,3,6,918,918,5,1,264,31,2,0,0),(974,22,4,4,7,1428,1428,6,2,480,0,2,0,0),(975,4,3,4,7,728,2019,8,2,532,16,1,0,0),(976,22,4,4,7,673,1382,6,2,490,6,2,1,1),(977,4,3,2,4,440,869,4,0,0,48,1,0,0),(978,22,4,4,7,1241,1241,4,2,569,0,1,1,1),(979,8,3,3,4,894,894,5,2,400,53,1,0,0),(980,20,3,3,5,1121,1121,5,2,480,46,1,1,0),(981,13,5,5,7,944,999,6,2,588,1,1,1,0),(982,14,4,4,8,1225,2612,8,3,676,10,2,1,1),(983,1,4,4,7,1266,1266,6,2,388,1,2,0,0),(984,6,4,4,8,1128,2290,9,2,779,6,2,0,1),(985,12,3,4,5,0,1734,8,2,539,32,2,0,0),(986,8,3,3,5,1164,1164,5,1,240,58,1,1,0),(987,18,3,4,6,485,1635,5,1,255,3,1,0,0),(988,16,5,5,9,1930,1940,8,3,606,0,2,1,1),(989,17,3,4,6,848,2030,8,2,551,31,2,0,1),(990,22,4,4,7,770,1576,6,2,614,0,2,0,1),(991,14,4,4,8,1396,2392,7,3,870,8,2,1,1),(992,18,4,4,8,916,1742,8,2,424,23,1,0,1),(993,13,3,4,6,822,1851,7,2,440,14,2,0,1),(994,6,3,4,6,750,1500,6,2,564,0,2,0,1),(995,16,5,5,10,1700,1718,7,3,786,2,2,1,0),(996,4,3,3,4,747,1230,5,1,305,56,1,1,1),(997,13,3,3,5,1050,1050,6,1,368,45,1,1,0),(998,17,3,3,6,1442,1442,6,2,615,39,2,0,0),(999,10,3,3,3,1007,1077,6,1,210,56,1,0,0),(1000,6,4,4,7,1187,1208,6,2,632,4,2,1,0),(1001,8,3,2,3,0,944,4,2,528,57,1,0,0),(1002,18,3,5,5,691,691,4,1,216,57,1,0,0),(1003,22,4,4,8,1574,1574,7,3,824,2,2,0,0),(1004,17,3,3,5,1680,1680,8,2,528,31,2,0,0),(1005,1,4,4,7,1346,1504,7,2,457,3,2,0,0),(1006,6,4,3,5,985,985,6,1,328,31,2,0,0),(1007,13,3,3,6,1657,1657,7,2,484,37,2,0,0),(1008,11,3,3,4,546,1092,6,1,286,39,1,0,1),(1009,12,4,4,7,1710,1710,7,2,550,4,2,0,0),(1010,19,3,3,5,1008,1522,7,0,0,56,2,0,0),(1011,20,3,3,5,720,1271,7,1,312,58,2,0,0),(1012,8,3,3,5,0,1664,8,0,0,45,2,0,0),(1013,7,3,4,6,602,1502,7,1,180,11,1,0,1),(1014,18,3,3,5,1022,1022,4,1,280,3,1,1,0),(1015,13,3,3,6,1082,1082,5,1,240,57,1,0,0),(1016,17,4,4,8,810,1665,6,2,528,8,2,1,1),(1017,6,4,4,7,1504,1504,6,2,478,13,2,1,0),(1018,23,4,4,8,1220,1360,4,2,565,25,1,1,0),(1019,9,4,4,7,384,1472,7,2,402,15,2,0,1),(1020,1,4,4,7,1362,1506,6,2,440,1,2,0,0),(1021,8,3,4,4,1132,1132,5,2,451,3,1,1,1),(1022,6,4,4,7,1199,1220,6,2,632,0,2,1,0),(1023,18,3,3,5,912,1248,6,1,160,57,1,0,0),(1024,1,4,4,7,1346,1504,7,2,437,2,2,0,0),(1025,24,4,4,8,1565,2898,10,2,665,32,2,1,0),(1026,6,3,3,5,882,882,5,2,461,35,1,1,0),(1027,13,3,3,5,1268,1264,6,2,461,50,1,1,0),(1028,24,4,4,8,1638,1646,7,3,800,0,2,1,0),(1029,13,3,3,5,768,1376,6,1,240,57,1,1,0),(1030,3,3,3,6,672,1218,7,1,264,34,1,0,1),(1031,19,3,3,5,686,1928,10,0,0,11,2,0,0),(1032,19,3,3,7,824,3082,12,2,672,39,2,1,1),(1033,14,4,4,8,1338,2520,10,3,796,13,2,1,1),(1034,6,4,4,7,1654,1654,6,3,900,4,2,1,0),(1035,7,3,2,5,920,954,5,1,240,57,1,0,0),(1036,8,3,3,4,0,845,5,1,290,52,1,0,0),(1037,24,4,5,9,1620,1620,6,3,912,1,2,1,0),(1038,6,4,4,8,1055,2263,7,2,905,6,2,0,1),(1039,11,3,3,4,546,1344,6,0,0,1,1,0,1),(1040,11,3,3,4,630,630,3,1,286,39,1,1,0),(1041,20,3,3,5,1134,1803,8,2,484,6,2,1,0),(1042,17,3,4,6,800,1632,7,2,484,8,1,0,1),(1043,16,4,4,6,1306,1306,5,2,624,4,2,1,0),(1044,21,3,4,7,1475,2329,10,2,514,18,2,1,1),(1045,17,4,4,8,2524,2524,9,2,542,28,2,1,1),(1046,8,3,3,3,0,1733,8,2,452,54,2,0,0),(1047,23,4,5,9,1992,2868,11,3,716,0,3,0,1),(1048,6,3,3,5,990,990,5,2,672,13,1,0,0),(1049,12,3,3,5,0,1771,9,2,336,3,1,0,0),(1050,8,3,4,4,0,930,6,1,308,4,1,0,0),(1051,9,4,4,7,1302,1302,6,2,436,0,2,0,0),(1052,6,4,4,7,1316,1316,6,2,440,0,2,0,0),(1053,13,3,3,6,816,1977,9,2,540,29,1,0,1),(1054,8,3,3,5,1216,1526,7,1,364,8,1,0,0),(1055,6,4,4,8,1065,1989,7,2,586,4,2,1,1),(1056,17,3,3,6,1193,1523,7,2,478,32,2,0,0),(1057,16,4,4,7,1364,1364,6,2,484,1,2,1,0),(1058,14,4,4,7,973,1850,7,2,467,15,2,0,1),(1059,16,5,5,9,1104,2184,10,3,836,1,2,1,1),(1060,7,3,3,6,854,1991,7,2,432,57,1,0,1),(1061,23,4,4,8,1338,1338,6,2,582,9,2,1,0),(1062,10,2,3,3,894,894,6,3,1248,58,1,0,0),(1063,18,3,3,5,662,2337,10,2,560,57,2,0,0),(1064,18,3,4,6,1103,1103,5,2,440,26,1,0,0),(1065,13,3,3,5,1154,1154,6,2,480,43,1,0,1),(1066,5,4,4,7,1306,2260,7,2,533,13,2,1,1),(1067,9,4,3,6,799,1571,7,2,380,15,2,0,1),(1068,13,3,3,6,780,1611,7,2,442,44,1,1,1),(1069,11,3,3,6,942,2521,10,2,576,33,2,1,1),(1070,13,3,4,5,845,893,4,2,576,4,1,0,0),(1071,13,3,3,5,1048,1048,6,1,286,51,1,1,0),(1072,17,3,3,6,727,1556,8,2,441,41,1,0,1),(1073,8,3,3,5,810,1456,7,1,280,56,1,1,0),(1074,8,3,3,6,690,1426,6,2,440,32,1,0,1),(1075,6,4,4,7,1240,1240,5,3,826,1,2,0,0),(1076,7,3,3,7,800,1740,6,1,240,23,1,0,1),(1077,18,3,4,5,796,1466,7,2,566,17,2,0,0),(1078,13,3,3,5,1096,1096,6,1,299,37,1,1,0),(1079,6,4,4,6,848,848,3,2,420,2,1,1,0),(1080,6,3,3,5,990,990,5,1,299,13,1,0,0),(1081,17,4,4,6,1258,1258,5,2,528,4,2,0,0),(1082,20,3,3,5,1040,1040,5,1,308,47,1,1,1),(1083,6,4,4,7,1459,1459,6,2,527,5,2,0,0),(1084,13,3,3,6,1251,1251,6,1,461,42,1,1,0),(1085,9,3,3,6,691,1498,6,2,409,10,2,0,1),(1086,21,3,4,6,936,996,5,2,564,18,1,1,0),(1087,11,3,3,4,546,1092,6,1,286,37,1,0,1),(1088,22,4,4,8,1082,1953,9,3,1043,3,2,0,1),(1089,8,4,4,7,970,1709,7,2,380,2,2,0,0),(1090,22,4,4,8,1247,1247,4,2,550,1,1,1,1),(1091,13,3,3,3,0,1040,6,2,400,59,2,0,0),(1092,22,4,4,7,600,1252,4,2,462,8,2,1,1),(1093,19,3,3,6,1181,1694,7,2,576,58,2,0,0),(1094,13,3,4,5,864,1200,6,2,884,8,1,1,1),(1095,13,3,3,5,936,936,4,1,308,10,1,1,0),(1096,6,4,4,6,1314,1314,6,2,440,1,2,0,0),(1097,10,3,4,6,684,1355,7,0,0,1,1,0,1),(1098,23,4,4,8,1074,1088,5,2,461,21,1,0,1),(1099,4,3,3,4,672,1324,6,1,240,59,1,0,0),(1100,17,3,3,7,1271,1601,7,2,478,31,2,0,0),(1101,19,3,2,2,290,438,3,1,246,59,1,0,0),(1102,13,3,3,5,950,950,5,1,280,36,1,0,0),(1103,13,3,3,5,1010,1134,6,1,254,5,1,0,0),(1104,13,3,3,6,655,1194,6,2,539,47,1,0,0),(1105,3,3,3,5,630,1302,6,2,440,37,2,0,1),(1106,14,4,4,8,1463,2622,9,2,712,15,2,1,1),(1107,21,4,4,7,910,1442,6,2,719,16,2,1,0),(1108,9,4,4,7,868,2021,9,2,422,0,2,0,1),(1109,9,3,3,6,924,1690,7,2,463,7,2,0,1),(1110,16,4,4,8,1836,1836,7,3,862,4,2,1,0),(1111,9,3,3,6,773,1658,8,2,431,12,2,1,1),(1112,17,3,3,7,803,1964,8,2,483,32,2,0,1),(1113,13,3,3,5,816,816,5,1,308,49,1,1,0),(1114,13,3,4,5,1008,1008,6,1,240,1,1,1,0),(1115,18,3,4,5,833,833,4,1,326,6,1,0,0),(1116,16,4,5,8,1734,1734,7,3,928,0,2,1,0),(1117,9,4,4,8,408,1419,7,2,527,7,2,1,1),(1118,20,3,4,5,894,894,5,2,450,5,1,1,0),(1119,20,3,3,5,533,1601,6,1,300,21,1,0,0),(1120,13,3,3,5,1040,1040,6,1,286,47,1,0,0),(1121,10,3,3,6,1012,1012,6,1,308,57,1,0,0),(1122,6,4,4,7,1552,1552,7,3,782,0,2,0,0),(1123,8,3,3,4,672,960,5,1,288,53,1,0,0),(1124,8,3,3,5,698,698,4,0,0,1,1,0,0),(1125,9,3,4,7,384,1482,7,2,392,15,2,0,1),(1126,13,3,2,4,1005,1005,5,2,672,54,1,0,0),(1127,1,4,4,7,1373,1555,7,3,660,2,2,0,0),(1128,9,4,4,7,1530,1530,7,3,630,3,2,1,0),(1129,9,4,4,7,847,1959,8,2,434,2,2,0,1),(1130,18,3,3,5,936,936,4,2,672,27,1,1,0),(1131,19,3,4,4,1122,1981,7,2,576,59,2,1,0),(1132,12,3,3,5,974,974,5,0,0,15,1,0,0),(1133,18,3,2,6,1008,2210,8,1,205,57,2,0,0),(1134,21,4,4,8,1128,2020,8,2,466,14,2,0,1),(1135,9,3,3,6,916,1600,7,2,460,10,2,0,1),(1136,4,3,3,6,960,986,5,1,180,57,1,0,0),(1137,13,3,3,6,1032,1252,6,1,288,58,1,0,0),(1138,20,3,3,5,780,1020,6,0,0,14,1,0,0),(1139,12,3,4,6,1567,1567,5,2,714,32,2,1,0),(1140,4,3,3,5,915,1167,6,2,495,57,1,0,0),(1141,13,3,3,5,952,952,4,2,840,57,1,1,0),(1142,17,3,4,5,780,1868,9,2,484,33,2,1,1),(1143,6,4,4,8,1466,2828,11,3,1052,0,3,1,0),(1144,20,3,3,5,1006,1006,5,0,0,49,1,0,0),(1145,8,3,2,4,672,924,5,1,280,60,1,1,0),(1146,4,3,3,5,1042,1576,8,1,225,56,1,0,0),(1147,21,4,4,6,1298,1298,5,2,403,21,2,1,0),(1148,7,3,2,7,704,1564,7,1,234,59,1,0,1),(1149,18,3,3,7,572,1111,5,1,288,58,1,0,0),(1150,18,3,3,7,650,1482,7,2,324,21,1,0,0),(1151,13,3,4,6,932,932,4,1,306,57,1,0,0),(1152,8,3,2,5,1466,1466,6,2,528,47,1,0,1),(1153,7,3,5,6,1073,1811,6,2,470,2,1,0,0),(1154,10,4,3,6,816,816,5,1,432,1,1,0,0),(1155,13,3,4,7,864,1820,8,2,492,20,1,0,2),(1156,25,4,4,5,1437,1437,6,2,528,3,2,1,0),(1157,13,3,4,5,1219,1265,6,2,502,9,2,0,0),(1158,16,4,4,7,1314,1314,6,2,626,1,2,1,0),(1159,22,4,4,8,1580,1580,7,3,830,0,2,0,0),(1160,17,4,4,6,901,1876,8,2,540,34,2,0,1),(1161,15,3,3,6,855,1456,7,2,440,32,2,0,1),(1162,7,4,4,6,1296,1640,7,2,924,2,1,1,0),(1163,20,3,3,5,894,894,5,2,450,39,1,0,0),(1164,20,3,3,4,1198,1258,6,2,400,39,0,2,2),(1165,25,3,4,5,1360,1432,5,2,588,29,1,1,1),(1166,16,4,4,7,1502,1502,7,2,644,0,2,0,0),(1167,6,4,4,8,1694,1694,7,3,776,2,2,0,0),(1168,9,3,3,6,959,1671,7,2,472,6,2,1,1),(1169,8,3,4,6,1127,2108,7,2,540,22,2,0,0),(1170,14,4,4,10,1930,3627,10,3,807,10,3,1,1),(1171,12,3,3,6,1096,1118,6,1,358,31,1,1,0),(1172,13,3,3,6,1261,1261,6,2,433,50,1,1,0),(1173,22,4,4,7,625,1250,5,2,625,1,2,0,1),(1174,5,3,5,5,1598,3086,12,0,0,13,3,0,0),(1175,7,3,3,6,952,2345,9,2,360,56,2,0,1),(1176,14,4,4,8,1683,2872,9,2,541,7,2,0,1),(1177,12,3,3,5,876,923,5,1,264,23,1,1,0),(1178,18,3,3,6,818,1224,5,1,210,5,1,0,0),(1179,7,3,3,5,731,1343,7,1,186,59,1,0,1),(1180,8,3,3,5,0,1124,5,0,0,52,1,0,0),(1181,24,3,3,7,1216,2514,8,2,693,15,2,0,1),(1182,7,5,4,8,1600,1652,5,2,482,0,2,1,0),(1183,14,4,5,10,2396,4476,10,3,813,11,3,1,1),(1184,18,3,3,5,1120,1130,5,2,720,56,1,1,0),(1185,24,3,3,5,1572,1572,5,3,995,44,1,1,1),(1186,8,3,3,5,784,1221,7,1,392,56,1,1,0),(1187,18,3,3,3,978,1699,7,2,420,39,2,1,0),(1188,14,4,4,8,1624,1624,5,3,757,11,2,1,0),(1189,6,4,4,7,831,1660,7,2,493,7,2,0,1),(1190,9,3,4,7,994,1804,7,2,442,11,2,0,1),(1191,12,3,3,4,1249,1622,7,4,1356,32,1,1,0),(1192,22,4,4,8,776,1441,5,2,492,7,2,0,1),(1193,18,3,4,5,702,1472,6,1,250,13,1,0,0),(1194,12,3,3,6,1224,1224,5,2,402,10,2,1,0),(1195,20,3,3,6,663,1352,7,1,299,41,1,0,1),(1196,9,3,4,6,728,1456,8,2,400,3,2,0,1),(1197,9,4,4,7,879,1863,9,3,660,0,2,0,1),(1198,18,3,3,7,815,1690,7,1,225,56,1,0,0),(1199,6,4,4,7,1212,1212,6,2,573,8,2,0,0),(1200,20,3,3,4,1051,1382,6,2,459,27,1,0,1),(1201,13,3,3,4,864,864,5,1,280,36,1,0,0),(1202,6,3,4,7,866,1779,6,2,546,11,2,0,1),(1203,4,3,3,5,884,1348,5,1,216,12,1,1,0),(1204,6,4,4,7,1630,1630,6,2,451,8,2,0,0),(1205,17,3,3,5,1056,1074,6,2,495,31,1,1,1),(1206,21,4,4,7,2158,2196,7,3,701,18,2,0,0),(1207,21,3,3,4,1056,1056,5,1,384,40,1,1,0),(1208,6,4,4,6,1682,1700,7,2,544,3,2,1,0),(1209,13,3,3,5,931,1283,6,2,506,28,1,1,0),(1210,22,4,4,8,1660,1660,8,2,500,0,2,1,0),(1211,21,4,4,6,1055,1845,8,2,462,18,2,0,1),(1212,9,4,3,8,559,1752,8,2,492,5,2,0,0),(1213,8,3,3,4,672,672,4,1,234,59,1,1,0),(1214,20,3,3,4,648,960,3,1,364,5,0,1,0),(1215,13,3,3,5,925,999,6,1,300,44,1,1,0),(1216,20,3,3,5,894,894,5,1,384,41,1,0,0),(1217,20,3,3,6,0,1902,8,2,539,32,2,0,0),(1218,22,4,4,8,1300,1314,6,2,552,0,2,1,0),(1219,4,3,3,4,0,912,3,0,0,56,1,0,0),(1220,3,3,3,6,672,1218,7,0,0,35,1,0,1),(1221,13,3,3,5,912,912,5,1,288,42,1,0,0),(1222,20,3,3,5,952,1211,5,1,322,40,1,0,0),(1223,13,3,3,6,1040,1846,7,1,315,57,2,0,0),(1224,13,3,3,5,2136,2136,7,2,528,55,2,0,0),(1225,9,4,4,7,788,1490,8,2,388,3,2,1,1),(1226,13,3,3,6,588,1138,6,1,264,49,1,0,0),(1227,22,4,4,6,894,1933,9,3,668,1,2,0,1),(1228,13,3,4,5,912,912,5,2,576,0,1,1,0),(1229,16,5,5,9,1702,1702,7,3,1052,0,1,1,1),(1230,13,3,3,5,1075,1507,7,1,404,48,2,0,0),(1231,20,3,3,5,1361,2620,12,2,600,30,2,0,2),(1232,13,3,3,5,1106,1190,6,2,540,44,1,1,0),(1233,13,3,3,4,0,1224,6,2,462,45,2,0,0),(1234,13,3,3,5,1188,1188,6,2,531,51,1,1,0),(1235,19,3,3,5,940,1964,7,0,0,58,1,0,1),(1236,7,3,3,5,747,1784,9,1,180,56,1,0,1),(1237,16,4,4,7,764,1626,6,2,474,7,2,0,1),(1238,6,4,4,7,847,1948,8,2,434,1,2,0,1),(1239,21,4,3,6,1141,1141,6,2,484,1,1,0,1),(1240,24,4,5,8,1476,1484,6,2,472,1,2,0,0),(1241,6,4,4,7,884,1768,8,2,543,5,2,1,1),(1242,22,4,4,7,1689,1689,7,3,954,0,2,0,0),(1243,17,3,4,7,1053,1173,6,2,528,36,2,1,0),(1244,16,5,5,10,2076,2076,7,3,850,0,2,1,1),(1245,7,3,4,8,792,1517,7,2,400,56,1,0,0),(1246,17,3,3,6,585,1868,7,2,477,4,3,0,1),(1247,22,4,4,7,756,1553,6,2,615,0,2,0,1),(1248,12,3,3,6,1012,1034,6,3,888,34,1,1,0),(1249,18,3,3,6,735,2058,8,2,396,58,1,0,1),(1250,13,3,3,5,876,988,6,1,276,57,1,0,0),(1251,13,4,5,7,2110,2110,8,2,522,42,2,1,1),(1252,16,4,4,7,1405,1405,6,2,478,3,2,0,0),(1253,12,3,3,5,864,874,5,1,288,41,1,1,0),(1254,25,4,4,7,1192,2167,9,2,518,4,2,1,1),(1255,8,4,4,7,746,1656,7,2,397,4,2,0,1),(1256,4,3,3,6,884,1367,6,1,560,57,1,0,0),(1257,14,4,4,8,1986,1987,7,2,691,14,2,1,0),(1258,8,3,3,5,864,864,4,0,0,59,1,0,0),(1259,9,4,4,7,856,1166,5,2,400,3,2,1,0),(1260,13,3,3,6,1054,1054,6,2,460,39,1,1,1),(1261,9,3,3,6,841,1675,7,2,502,10,2,0,1),(1262,13,3,3,5,1050,1050,5,1,338,53,1,0,0),(1263,5,3,3,4,1104,1788,8,1,304,20,1,1,0),(1264,4,3,3,6,764,1824,8,2,520,57,1,0,0),(1265,13,4,4,6,1405,1337,5,2,511,9,2,1,0),(1266,22,4,4,7,691,1452,6,2,506,7,2,1,1),(1267,18,2,3,7,925,1889,9,1,308,57,1,0,1),(1268,24,5,5,9,2002,2018,10,3,746,1,2,0,0),(1269,7,3,4,8,728,3447,11,3,1014,11,3,0,1),(1270,13,3,3,5,874,1524,7,1,315,49,1,0,1),(1271,5,4,4,7,1332,1524,4,2,586,31,0,2,1),(1272,17,3,4,6,1489,1489,7,2,462,41,2,0,0),(1273,20,3,3,5,935,935,5,1,288,41,1,1,0),(1274,8,3,5,6,1019,1357,5,1,312,2,1,1,0),(1275,7,3,3,5,661,1250,8,2,552,4,2,0,0),(1276,13,3,3,5,928,1920,10,2,400,57,2,0,0),(1277,17,3,3,6,723,1395,6,2,497,37,1,0,1),(1278,17,3,3,6,1680,1724,7,2,480,33,1,1,1),(1279,6,4,4,8,1128,2031,7,2,577,6,2,1,1),(1280,10,3,3,4,698,1128,6,2,528,60,1,0,0),(1281,6,4,4,7,1573,1573,6,2,544,7,2,1,0),(1282,24,3,3,7,1309,1339,6,2,484,16,2,1,0),(1283,6,3,4,5,1040,1040,5,2,484,1,2,0,0),(1284,12,3,3,6,912,1824,8,0,0,39,2,0,2),(1285,19,3,4,6,804,2447,10,1,336,20,2,0,0),(1286,4,3,3,6,780,1412,6,1,280,59,1,0,0),(1287,17,3,3,6,1328,1328,6,2,528,47,1,1,1),(1288,5,3,3,5,1624,1582,7,2,390,42,2,0,0),(1289,23,4,5,8,1501,1659,5,2,499,9,2,1,0),(1290,16,4,5,8,1085,1970,8,3,753,0,2,0,1),(1291,13,3,3,5,1152,1152,6,2,484,46,1,1,0),(1292,3,3,3,5,630,1302,6,1,264,37,2,0,1),(1293,18,3,3,5,994,2372,11,1,432,44,2,0,0),(1294,17,3,3,7,832,1664,8,2,528,30,2,0,1),(1295,8,3,3,5,864,864,5,2,572,16,1,1,0),(1296,13,3,3,5,1052,1052,5,1,288,38,1,1,1),(1297,13,3,3,5,1120,1128,6,2,525,45,2,1,0),(1298,8,3,3,6,547,1072,5,2,525,0,2,1,0),(1299,8,5,5,10,6110,5642,12,2,1418,0,2,2,1),(1300,13,3,4,5,1246,1246,6,1,305,16,1,1,1),(1301,9,4,4,7,978,1983,9,2,490,10,2,0,1),(1302,7,3,4,6,771,1494,7,1,213,59,1,0,0),(1303,14,4,4,8,1165,2526,8,3,844,12,2,1,1),(1304,22,4,4,7,1616,1616,7,3,834,1,2,0,0),(1305,8,4,4,7,976,1708,7,2,380,2,2,0,0),(1306,16,4,5,9,1652,1652,6,2,840,2,2,1,0),(1307,16,4,4,7,1368,1368,6,2,474,0,2,0,0),(1308,6,3,3,5,990,990,5,2,480,14,1,1,0),(1309,18,3,4,5,924,1122,6,2,528,3,1,1,0),(1310,21,3,4,6,1278,1294,6,2,496,17,2,1,0),(1311,7,4,5,7,1902,1902,7,2,567,8,2,1,0),(1312,6,4,4,7,1274,1274,6,2,508,0,2,1,0),(1313,14,4,4,8,1453,2810,9,2,750,17,2,0,1),(1314,14,4,4,9,1393,2599,10,3,779,11,2,0,1),(1315,8,3,3,4,948,948,5,1,280,53,1,1,0),(1316,13,3,3,6,952,2112,9,2,576,39,2,0,1),(1317,6,4,5,8,1622,1630,8,3,860,1,2,1,0),(1318,22,4,4,7,1352,1352,5,2,466,0,2,0,0),(1319,6,4,4,8,1753,1787,7,3,748,4,2,0,0),(1320,8,3,3,4,864,948,5,1,248,53,1,0,0),(1321,13,3,3,6,1478,1478,6,2,442,52,1,1,1),(1322,4,3,3,3,0,720,4,1,287,58,1,0,0),(1323,14,4,4,7,750,1923,8,2,564,18,2,1,1),(1324,4,2,2,4,420,708,5,0,0,59,1,0,0),(1325,22,4,4,8,1795,1795,7,3,895,0,2,0,0),(1326,10,3,3,4,796,796,5,0,0,58,1,0,0),(1327,8,3,4,3,544,774,6,0,0,1,1,0,0),(1328,12,4,4,5,816,816,5,1,264,0,1,0,0),(1329,18,4,3,6,1510,2792,8,2,520,58,2,0,0),(1330,9,3,3,7,935,1632,8,2,462,8,2,0,1),(1331,22,4,4,8,1588,1588,7,3,825,1,2,0,0),(1332,6,3,3,5,911,954,6,2,576,30,1,0,0),(1333,8,3,3,4,816,816,3,1,288,51,1,1,0),(1334,10,3,4,5,803,1360,6,1,297,11,1,0,1),(1335,3,3,3,5,765,1365,7,2,440,39,1,0,1),(1336,17,3,3,6,1350,1334,6,2,630,32,2,0,0),(1337,17,3,3,5,1656,1656,8,2,506,35,2,0,0),(1338,18,3,2,4,693,693,4,0,0,56,1,0,0),(1339,6,4,4,7,916,1861,8,2,492,4,2,1,1),(1340,6,3,3,5,864,864,5,1,288,34,1,0,0),(1341,13,3,3,4,858,872,5,4,480,36,1,0,0),(1342,21,3,4,6,1114,1114,6,2,576,4,1,1,0),(1343,6,4,4,8,1284,2169,7,2,647,5,2,0,1),(1344,7,3,3,6,896,1913,9,2,342,59,1,0,1),(1345,6,4,4,7,728,1456,8,2,440,1,2,0,1),(1346,18,3,2,4,960,960,5,1,308,57,1,0,0),(1347,17,3,3,7,1568,2156,9,2,508,3,2,0,0),(1348,24,4,4,8,1732,1776,7,3,712,0,2,1,0),(1349,21,4,4,7,1482,1494,5,2,514,9,2,1,0),(1350,18,3,3,8,684,2358,8,0,0,21,2,0,0),(1351,13,3,3,5,1248,2634,12,4,968,40,2,1,2),(1352,13,3,3,6,858,1716,8,2,490,46,1,0,1),(1353,4,4,3,6,698,1176,4,2,624,9,1,0,0),(1354,14,4,4,8,2033,3238,9,3,666,14,2,1,1),(1355,6,4,4,7,992,1865,7,3,839,8,2,1,1),(1356,17,3,4,7,570,1920,8,2,487,14,3,0,0),(1357,13,3,3,5,864,892,5,1,264,42,1,0,0),(1358,13,3,3,5,1078,1078,6,2,500,2,1,1,1),(1359,22,4,4,6,756,1573,5,2,440,10,2,0,1),(1360,16,4,5,9,1980,1980,8,3,770,1,2,1,0),(1361,19,3,3,5,612,2601,8,2,621,10,3,0,1),(1362,23,4,4,7,1530,1530,7,2,430,4,2,1,0),(1363,13,3,3,4,715,1738,7,1,368,2,2,0,0),(1364,9,3,4,6,616,1412,6,2,432,0,2,0,1),(1365,22,4,4,7,600,1200,4,2,480,1,2,0,1),(1366,22,4,4,7,814,1674,7,2,663,10,2,1,1),(1367,6,4,4,7,873,1790,7,2,588,9,2,1,1),(1368,11,3,3,5,757,1475,6,1,336,29,2,0,0),(1369,6,4,4,6,848,848,4,2,420,5,1,1,0),(1370,6,4,4,8,1657,1668,8,2,502,7,2,1,0),(1371,18,2,3,4,840,1374,6,1,338,59,1,0,0),(1372,13,3,4,6,992,1661,8,1,377,12,1,1,0),(1373,6,3,4,7,1108,2097,8,2,583,8,2,1,1),(1374,14,5,5,10,2633,2633,8,3,804,5,2,1,1),(1375,22,4,4,7,1026,1958,9,3,936,3,2,0,1),(1376,24,4,4,8,1571,1571,7,3,722,0,2,0,0),(1377,19,3,3,6,768,790,4,1,160,58,1,0,0),(1378,8,3,3,5,984,1604,6,2,660,49,2,0,0),(1379,3,3,3,6,483,987,5,1,264,33,1,0,1),(1380,24,3,4,5,384,1394,7,2,400,1,2,0,1),(1381,8,3,3,3,864,864,5,1,200,60,1,1,0),(1382,13,3,3,6,1205,2117,7,2,550,38,2,0,1),(1383,18,3,4,7,596,1762,8,2,576,56,1,1,1),(1384,20,3,4,5,816,1416,7,2,576,0,2,0,0),(1385,8,3,3,6,560,1258,6,1,280,59,1,0,0),(1386,10,3,4,4,796,1154,7,1,240,3,1,1,0),(1387,17,3,4,7,1392,2784,12,2,564,28,3,1,1),(1388,18,3,4,6,714,2526,10,1,216,57,2,0,0),(1389,9,5,5,9,1746,1746,7,3,758,2,2,1,0),(1390,4,3,3,6,735,1218,6,2,440,57,1,0,0),(1391,6,4,4,7,1525,1525,6,2,541,6,2,1,0),(1392,13,3,3,5,1584,1584,8,3,792,42,2,0,0),(1393,13,3,3,5,864,900,6,1,288,39,1,1,0),(1394,18,3,3,6,482,1912,7,2,672,8,2,0,0),(1395,1,4,4,7,1356,1500,6,3,648,0,2,1,0),(1396,24,4,4,8,1094,2482,9,3,642,1,2,0,1),(1397,24,3,3,5,747,1687,7,2,572,60,1,1,0),(1398,4,3,3,5,939,1513,8,1,180,3,1,0,1),(1399,13,3,3,5,1208,1904,7,1,240,27,1,1,1),(1400,19,3,4,6,976,1608,7,1,216,19,2,0,1),(1401,4,3,3,6,862,1158,5,1,208,58,1,0,0),(1402,9,3,3,6,839,1593,8,2,398,4,2,1,1),(1403,6,4,4,7,1286,1294,6,2,662,0,2,0,0),(1404,22,4,4,8,1485,1464,6,3,754,0,2,1,0),(1405,18,3,3,3,672,1214,6,3,936,56,1,0,0),(1406,7,4,4,8,1594,1646,5,2,482,3,2,1,0),(1407,6,3,3,5,768,768,5,2,396,2,1,1,0),(1408,12,3,3,5,833,833,5,0,0,24,1,1,0),(1409,18,3,3,4,622,1363,6,2,528,60,1,0,0),(1410,17,3,3,7,791,2093,7,2,542,17,2,0,1),(1411,6,4,4,7,944,1840,6,2,622,8,2,1,1),(1412,13,3,3,6,856,1668,6,1,271,4,1,0,1),(1413,13,3,3,4,0,1040,6,2,420,59,2,0,0),(1414,21,4,4,8,1844,1844,7,2,620,3,2,1,0),(1415,4,3,4,6,833,1848,8,2,370,8,1,0,1),(1416,1,4,4,7,1386,1569,7,3,660,2,2,0,0),(1417,18,3,3,4,777,2290,11,2,560,60,2,0,0),(1418,14,4,4,8,1284,2450,7,3,1069,11,2,1,1),(1419,13,3,3,5,1144,1144,6,1,336,45,1,1,1),(1420,7,4,4,6,1844,1844,7,2,540,37,2,1,0),(1421,17,3,3,6,708,1416,7,2,776,38,2,0,1),(1422,15,3,3,6,1069,1069,4,2,440,33,2,0,0),(1423,6,4,4,6,848,848,3,2,420,5,1,1,0),(1424,8,4,4,6,697,2201,8,2,432,40,2,0,0),(1425,13,3,3,5,1024,1344,6,1,484,24,1,1,0),(1426,13,4,4,6,1252,1252,7,2,528,49,1,0,0),(1427,14,4,4,7,1223,2127,5,2,525,14,2,1,1),(1428,13,3,3,5,913,1558,6,1,288,58,1,1,1),(1429,18,3,4,5,788,804,4,1,240,18,1,1,0),(1430,17,4,4,6,1440,1440,7,2,467,26,2,0,0),(1431,9,4,3,5,732,1838,7,2,372,1,2,0,1),(1432,15,3,3,6,958,958,5,2,440,33,2,0,0),(1433,18,3,3,4,656,968,5,1,216,0,2,0,0),(1434,9,3,3,6,936,1792,8,2,451,8,2,1,1),(1435,12,3,3,5,1126,1126,5,2,484,29,2,1,0),(1436,13,4,4,6,1319,1537,7,2,462,3,1,1,1),(1437,13,3,3,4,864,864,5,2,528,36,1,0,0),(1438,16,5,5,8,1932,1932,7,3,774,0,2,1,0),(1439,18,3,3,6,912,1236,6,2,923,14,1,1,0),(1440,17,3,3,7,539,1725,6,2,550,28,2,0,1),(1441,7,3,3,6,588,2555,11,2,672,14,2,0,0),(1442,6,4,4,6,848,848,3,2,420,4,1,1,0),(1443,22,5,5,10,1017,2007,10,3,812,1,2,1,1),(1444,4,3,2,6,952,952,4,1,192,59,1,0,0),(1445,6,4,4,7,1422,1422,7,2,626,3,2,0,0),(1446,20,3,3,6,814,913,6,1,240,41,1,1,0),(1447,12,3,3,5,1188,1188,6,1,312,48,1,0,0),(1448,6,4,4,8,1220,2090,8,2,556,11,2,1,1),(1449,8,3,3,4,560,1346,6,1,384,7,1,0,1),(1450,11,3,5,5,630,630,3,0,0,36,1,1,0),(1451,13,3,3,5,896,1792,8,0,0,35,2,0,2),(1452,22,4,5,8,1573,1578,7,3,840,0,2,0,0),(1453,8,3,3,5,547,1072,5,2,525,1,1,1,0),(1454,12,3,3,5,1140,1140,6,0,0,0,1,0,0),(1455,22,4,4,7,1221,1221,6,2,400,4,2,1,0),(1456,9,3,3,6,953,1647,7,2,460,7,2,0,1),(1457,17,3,3,6,1542,2073,7,2,500,22,2,1,0),(1458,7,5,4,7,1152,2340,9,1,252,4,2,0,0),(1459,13,3,4,5,1078,1078,5,1,240,14,1,1,0),(1460,8,4,3,5,1256,1256,6,1,276,43,1,1,1);
/*!40000 ALTER TABLE `houses` ENABLE KEYS */;
UNLOCK TABLES;

--
-- Table structure for table `kitchen_quality`
--

DROP TABLE IF EXISTS `kitchen_quality`;
/*!40101 SET @saved_cs_client     = @@character_set_client */;
/*!50503 SET character_set_client = utf8mb4 */;
CREATE TABLE `kitchen_quality` (
  `id` int(11) NOT NULL,
  `quality` varchar(255) DEFAULT NULL,
  PRIMARY KEY (`id`)
) ENGINE=InnoDB DEFAULT CHARSET=utf8;
/*!40101 SET character_set_client = @saved_cs_client */;

--
-- Dumping data for table `kitchen_quality`
--

LOCK TABLES `kitchen_quality` WRITE;
/*!40000 ALTER TABLE `kitchen_quality` DISABLE KEYS */;
INSERT INTO `kitchen_quality` VALUES (1,'Poor'),(2,'Fair'),(3,'Average/Typical'),(4,'Good'),(5,'Excellent');
/*!40000 ALTER TABLE `kitchen_quality` ENABLE KEYS */;
UNLOCK TABLES;

--
-- Table structure for table `neighborhood`
--

DROP TABLE IF EXISTS `neighborhood`;
/*!40101 SET @saved_cs_client     = @@character_set_client */;
/*!50503 SET character_set_client = utf8mb4 */;
CREATE TABLE `neighborhood` (
  `id` int(11) NOT NULL,
  `neighborhood` varchar(255) DEFAULT NULL,
  PRIMARY KEY (`id`)
) ENGINE=InnoDB DEFAULT CHARSET=utf8;
/*!40101 SET character_set_client = @saved_cs_client */;

--
-- Dumping data for table `neighborhood`
--

LOCK TABLES `neighborhood` WRITE;
/*!40000 ALTER TABLE `neighborhood` DISABLE KEYS */;
INSERT INTO `neighborhood` VALUES (1,'Bloomington Heights'),(2,'Bluestem'),(3,'Briardale'),(4,'Brookside'),(5,'Clear Creek'),(6,'College Creek'),(7,'Crawford'),(8,'Edwards'),(9,'Gilbert'),(10,'Iowa DOT and Rail Road'),(11,'Meadow Village'),(12,'Mitchell'),(13,'North Ames'),(14,'Northridge'),(15,'Northpark Villa'),(16,'Northridge Heights'),(17,'Northwest Ames'),(18,'Old Town'),(19,'South & West of Iowa State University'),(20,'Sawyer'),(21,'Sawyer West'),(22,'Somerset'),(23,'Stone Brook'),(24,'Timberland'),(25,'Veenker');
/*!40000 ALTER TABLE `neighborhood` ENABLE KEYS */;
UNLOCK TABLES;
/*!40103 SET TIME_ZONE=@OLD_TIME_ZONE */;

/*!40101 SET SQL_MODE=@OLD_SQL_MODE */;
/*!40014 SET FOREIGN_KEY_CHECKS=@OLD_FOREIGN_KEY_CHECKS */;
/*!40014 SET UNIQUE_CHECKS=@OLD_UNIQUE_CHECKS */;
/*!40101 SET CHARACTER_SET_CLIENT=@OLD_CHARACTER_SET_CLIENT */;
/*!40101 SET CHARACTER_SET_RESULTS=@OLD_CHARACTER_SET_RESULTS */;
/*!40101 SET COLLATION_CONNECTION=@OLD_COLLATION_CONNECTION */;
/*!40111 SET SQL_NOTES=@OLD_SQL_NOTES */;

-- Dump completed on 2019-08-12 17:25:20
